<application>
  <component name="FileTypeManager" version="18">
    <extensionMap>
      <mapping ext="main.kts" type="Kotlin" />
      <mapping ext="gradle.kts" type="Kotlin" />
      <mapping ext="q" type="OdpsQL" />
      <mapping ext="odpsql" type="OdpsQL" />
      <mapping ext="sql" type="OdpsQL" />
      <mapping ext="ddl" type="OdpsQL" />
      <removed_mapping ext="apk" approved="true" type="ARCHIVE" />
      <removed_mapping ext="psd" approved="true" type="Image" />
    </extensionMap>
  </component>
</application>