<application>
  <component name="GeneralSettings">
    <option name="confirmOpenNewProject2" value="0" />
    <option name="showTipsOnStartup" value="false" />
  </component>
  <component name="Registry">
    <entry key="SBT.system.in.process" value="true" />
    <entry key="BSP.experimental.feature.enabled" value="false" />
    <entry key="BSP.system.in.process" value="true" />
  </component>
  <component name="StatusBar">
    <option name="widgets">
      <map>
        <entry key="Memory" value="true" />
      </map>
    </option>
  </component>
</application>