<application>
  <component name="ProjectManager">
    <defaultProject>
      <component name="CompilerConfiguration">
        <annotationProcessing>
          <profile default="true" name="Default" enabled="true" />
        </annotationProcessing>
      </component>
      <component name="DefaultGradleProjectSettings">
        <option name="isMigrated" value="true" />
      </component>
      <component name="GradleLocalSettings">
        <option name="projectSyncType">
          <map>
            <entry key="$USER_HOME$/.kscript/kscript_tmp_project__CI.kts_1541787707808" value="PREVIEW" />
            <entry key="$USER_HOME$/.kscript/kscript_tmp_project__CI.kts_1541809480434" value="PREVIEW" />
            <entry key="$USER_HOME$/.kscript/kscript_tmp_project__CI.kts_1541833336529" value="PREVIEW" />
            <entry key="$USER_HOME$/.kscript/kscript_tmp_project__CI.kts_1542735462284" value="PREVIEW" />
            <entry key="$USER_HOME$/.kscript/kscript_tmp_project__CI.kts_1546883647963" value="PREVIEW" />
            <entry key="$USER_HOME$/.kscript/kscript_tmp_project__CITest.kts_1547618586275" value="PREVIEW" />
            <entry key="$USER_HOME$/.kscript/kscript_tmp_project__CITest.kts_1552541117994" value="PREVIEW" />
            <entry key="$USER_HOME$/.kscript/kscript_tmp_project__CITest.kts_1552541228667" value="PREVIEW" />
            <entry key="$USER_HOME$/.kscript/kscript_tmp_project__CITest.kts_1555101669770" value="PREVIEW" />
            <entry key="$USER_HOME$/.kscript/kscript_tmp_project__CITest.kts_1556035978357" value="PREVIEW" />
            <entry key="$USER_HOME$/.kscript/kscript_tmp_project__CITest.kts_1556209629415" value="PREVIEW" />
            <entry key="$USER_HOME$/.kscript/kscript_tmp_project__CITest.kts_1562967586175" value="PREVIEW" />
            <entry key="$USER_HOME$/.kscript/kscript_tmp_project__CITest.kts_20190115" value="PREVIEW" />
            <entry key="$USER_HOME$/airlab/repos/fullhouse/buildSrc" value="PREVIEW" />
            <entry key="$USER_HOME$/airlab/repos/treehouse" value="PREVIEW" />
            <entry key="$USER_HOME$/github/jduan/advent_of_code" value="PREVIEW" />
            <entry key="$USER_HOME$/github/jduan/cosmos/advent_of_code" value="PREVIEW" />
            <entry key="$USER_HOME$/github/jduan/cosmos/java_sandbox" value="PREVIEW" />
            <entry key="$USER_HOME$/github/jduan/cosmos/kotlin_sandbox" value="PREVIEW" />
            <entry key="$USER_HOME$/github/jduan/gradle_sandbox" value="PREVIEW" />
            <entry key="$USER_HOME$/github/jduan/java_sandbox" value="PREVIEW" />
            <entry key="$USER_HOME$/github/jduan/jkid" value="PREVIEW" />
            <entry key="$USER_HOME$/github/jduan/kotlin_sandbox" value="PREVIEW" />
            <entry key="$USER_HOME$/repos2/fullhouse" value="PREVIEW" />
            <entry key="$USER_HOME$/repos2/fullhouse/buildSrc" value="PREVIEW" />
            <entry key="$USER_HOME$/repos2/intellij-airbnb" value="PREVIEW" />
            <entry key="$USER_HOME$/repos2/intellij-loading-dock" value="PREVIEW" />
            <entry key="$USER_HOME$/repos2/treehouse" value="PREVIEW" />
            <entry key="$USER_HOME$/repos2/treehouse-gradle-plugin" value="PREVIEW" />
            <entry key="$USER_HOME$/repos2/treehouse-xray" value="PREVIEW" />
            <entry key="$USER_HOME$/repos2/treehouse/projects/arborist/service" value="PREVIEW" />
            <entry key="$USER_HOME$/repos2/treehouse2" value="PREVIEW" />
            <entry key="$USER_HOME$/repos2/treehouse2/buildSrc" value="PREVIEW" />
          </map>
        </option>
      </component>
      <component name="PropertiesComponent">
        <property name="settings.editor.selected.configurable" value="preferences.pluginManager" />
      </component>
      <component name="ThriftCompiler">
        <compilers />
      </component>
      <component name="masterDetails">
        <states>
          <state key="ProjectJDKs.UI">
            <settings>
              <last-edited>1.8</last-edited>
              <splitter-proportions>
                <option name="proportions">
                  <list>
                    <option value="0.2" />
                  </list>
                </option>
              </splitter-proportions>
            </settings>
          </state>
        </states>
      </component>
    </defaultProject>
  </component>
</application>