<application>
  <component name="ProjectManager">
    <defaultProject>
      <component name="GoogleJavaFormatSettings">
        <option name="enabled" value="true" />
      </component>
      <component name="ProjectViewState">
        <option name="autoscrollFromSource" value="true" />
        <option name="hideEmptyMiddlePackages" value="true" />
        <option name="showLibraryContents" value="true" />
      </component>
      <component name="PropertiesComponent">{
  &quot;keyToString&quot;: {
    &quot;settings.editor.selected.configurable&quot;: &quot;preferences.pluginManager&quot;
  }
}</component>
      <component name="WindowStateProjectService">
        <state x="1013" y="328" key="SettingsEditor" timestamp="1720411411534">
          <screen x="0" y="25" width="3008" height="1667" />
        </state>
        <state x="1013" y="328" key="SettingsEditor/0.25.3008.1667" timestamp="1720411411534" />
      </component>
    </defaultProject>
  </component>
</application>