<application>
  <component name="UISettings">
    <option name="CONSOLE_CYCLE_BUFFER_SIZE_KB" value="102400" />
    <option name="EDITOR_TAB_LIMIT" value="50" />
    <option name="OPEN_IN_PREVIEW_TAB_IF_POSSIBLE" value="true" />
    <option name="OVERRIDE_CONSOLE_CYCLE_BUFFER_SIZE" value="true" />
    <option name="SHOW_TOOL_WINDOW_NAMES" value="true" />
    <option name="TOOL_WINDOW_LEFT_SIDE_CUSTOM_WIDTH" value="54" />
    <option name="TOOL_WINDOW_RIGHT_SIDE_CUSTOM_WIDTH" value="54" />
  </component>
</application>