<application>
  <component name="VimSettings">
    <state version="4" enabled="true" />
    <globalmarks />
    <filemarks>
      <file name="$USER_HOME$/repos2/treehouse-gradle-plugin/src/main/kotlin/com/airbnb/gradle/TreehousePlugin.kt" timestamp="1542840483330">
        <mark key="'" line="28" column="4" />
      </file>
      <file name="$USER_HOME$/repos2/treehouse/projects/arborist/streaming/src/main/kotlin/com/airbnb/arborist/internal/ModulesProvider.kt" timestamp="1544037214788">
        <mark key="'" line="74" column="4" />
      </file>
      <file name="$USER_HOME$/airlab/repos/treehouse/projects/datainfra/jitney-logging/src/main/java/com/airbnb/di/logging/jitney/JitneyLoggerImpl.java" timestamp="1551468643530">
        <mark key="'" line="65" column="15" />
      </file>
      <file name="$USER_HOME$/airlab/repos/treehouse/projects/arborist/data-sources/gradle-enterprise/consumer/src/main/kotlin/com/airbnb/arborist/internal/ArboristGradleEnterpriseConsumerConfiguration.kt" timestamp="1552717209733">
        <mark key="'" line="13" column="37" />
        <mark key="[" line="4" column="37" />
        <mark key="]" line="4" column="37" />
        <mark key="^" line="4" column="35" />
        <mark key="." line="4" column="37" />
      </file>
      <file name="$USER_HOME$/airlab/repos/treehouse/projects/arborist/data-sources/gradle-enterprise/consumer/src/main/kotlin/com/airbnb/arborist/cli/EventConsumer.kt" timestamp="1552432371564">
        <mark key="'" line="20" column="6" />
        <mark key="[" line="25" column="29" />
        <mark key="]" line="25" column="50" />
        <mark key="^" line="25" column="50" />
        <mark key="." line="25" column="50" />
      </file>
      <file name="/Library/Java/JavaVirtualMachines/jdk1.8.0_192.jdk/Contents/Home/src.zip!/java/nio/file/Path.java" timestamp="1549648992465">
        <mark key="'" line="97" column="17" />
      </file>
      <file name="$USER_HOME$/airlab/repos/treehouse/projects/arborist/data-sources/gradle-enterprise/consumer/src/main/kotlin/com/airbnb/arborist/internal/BuildsSeenTracker.kt" timestamp="1552599325263">
        <mark key="'" line="0" column="0" />
        <mark key="[" line="9" column="69" />
        <mark key="]" line="9" column="69" />
        <mark key="^" line="9" column="69" />
        <mark key="." line="9" column="69" />
      </file>
      <file name="$USER_HOME$/airlab/repos/treehouse/projects/arborist/streaming/src/main/kotlin/com/airbnb/arborist/migration/20180611093300_optimized_treehouse_processed_builds.kt" timestamp="1552511836434">
        <mark key="'" line="10" column="30" />
      </file>
      <file name="$USER_HOME$/airlab/repos/treehouse/projects/datainfra/jitney-logging/src/main/java/com/airbnb/di/logging/jitney/utils/LoggingRequestHelper.java" timestamp="1546632065331">
        <mark key="'" line="20" column="6" />
      </file>
      <file name="$USER_HOME$/repos2/fullhouse/buildSrc/src/main/kotlin/com/airbnb/tests/ExcludedTestsParser.kt" timestamp="1550174303956">
        <mark key="'" line="0" column="0" />
      </file>
      <file name="$USER_HOME$/airlab/repos/treehouse/projects/arborist/common/src/main/kotlin/com/airbnb/arborist/ArboristSettings.kt" timestamp="1552513047676">
        <mark key="'" line="14" column="6" />
      </file>
      <file name="$USER_HOME$/airlab/repos/treehouse/projects/arborist/common/src/main/kotlin/com/airbnb/arborist/internal/BuildsPublishedTracker.kt" timestamp="1551805654683">
        <mark key="'" line="9" column="17" />
      </file>
      <file name="$USER_HOME$/.gradle/caches/modules-2/files-2.1/com.squareup.okhttp3/okhttp/3.11.0/cf16b99519850b1adc3b259c90fd8566a0f592f3/okhttp-3.11.0-sources.jar!/okhttp3/Response.java" timestamp="1544218860002">
        <mark key="'" line="173" column="6" />
      </file>
      <file name="$USER_HOME$/airlab/repos/treehouse/projects/arborist/common/src/main/kotlin/com/airbnb/arborist/internal/BrokenBuildsDataCollector.kt" timestamp="1551805646002">
        <mark key="'" line="16" column="4" />
      </file>
      <file name="/usr/local/Cellar/gradle/5.1/libexec/src/testing-base/org/gradle/api/internal/tasks/testing/filter/DefaultTestFilter.java" timestamp="1550174696905">
        <mark key="'" line="31" column="12" />
      </file>
      <file name="$USER_HOME$/repos2/treehouse/projects/arborist/service/src/main/kotlin/com/airbnb/arborist/service/ArboristServiceConfiguration.kt" timestamp="1544142598892">
        <mark key="'" line="16" column="42" />
      </file>
      <file name="kotlinDecompiled/ModulesProvider.decompiled.java" timestamp="1552953316361">
        <mark key="'" line="123" column="121" />
      </file>
      <file name="$USER_HOME$/.gradle/caches/modules-2/files-2.1/org.eclipse.jgit/org.eclipse.jgit/5.0.1.201806211838-r/c85725a96e20d940fe20e1be4ddf50133c322f65/org.eclipse.jgit-5.0.1.201806211838-r-sources.jar!/org/eclipse/jgit/api/CheckoutCommand.java" timestamp="1551679737102">
        <mark key="'" line="272" column="32" />
      </file>
      <file name="kotlinDecompiled/ArboristEnvironment.decompiled.java" timestamp="1552953363894">
        <mark key="'" line="52" column="24" />
      </file>
      <file name="/Library/Java/JavaVirtualMachines/jdk1.8.0_192.jdk/Contents/Home/src.zip!/java/util/logging/Logger.java" timestamp="1551480455001">
        <mark key="'" line="1944" column="37" />
      </file>
      <file name="$USER_HOME$/.gradle/caches/modules-2/files-2.1/org.eclipse.jgit/org.eclipse.jgit/5.0.1.201806211838-r/c85725a96e20d940fe20e1be4ddf50133c322f65/org.eclipse.jgit-5.0.1.201806211838-r-sources.jar!/org/eclipse/jgit/api/Git.java" timestamp="1551853096979">
        <mark key="'" line="577" column="30" />
      </file>
      <file name="$USER_HOME$/github/jduan/jkid/src/main/kotlin/deserialization/Deserializer.kt" timestamp="1543103944953">
        <mark key="'" line="25" column="0" />
      </file>
      <file name="$USER_HOME$/airlab/repos/treehouse/projects/omnes/omnes-common/src/main/java/com/airbnb/omnes/common/serde/impl/JsonDeserializer.java" timestamp="1546630786037">
        <mark key="'" line="46" column="6" />
      </file>
      <file name="$USER_HOME$/airlab/repos/treehouse/projects/arborist/service/src/main/kotlin/com/airbnb/arborist/service/resources/FindTestsResource.kt" timestamp="1551842382699">
        <mark key="'" line="24" column="4" />
        <mark key="[" line="33" column="0" />
        <mark key="]" line="33" column="0" />
        <mark key="^" line="27" column="46" />
        <mark key="." line="33" column="0" />
      </file>
      <file name="$USER_HOME$/repos2/treehouse/projects/arborist/actor/src/main/kotlin/com/airbnb/arborist/SshCredentials.kt" timestamp="1540228867580">
        <mark key="'" line="14" column="65" />
      </file>
      <file name="$USER_HOME$/repos2/treehouse/projects/arborist/common/src/main/kotlin/com/airbnb/arborist/ArboristConfiguration.kt" timestamp="1542409465941">
        <mark key="'" line="15" column="6" />
      </file>
      <file name="$USER_HOME$/repos2/treehouse-gradle-plugin/src/main/kotlin/com/airbnb/gradle/tasks/ListAffectedTargetsTask.kt" timestamp="1544143878422">
        <mark key="'" line="20" column="8" />
      </file>
      <file name="$USER_HOME$/airlab/repos/treehouse/projects/arborist/streaming/src/main/kotlin/com/airbnb/arborist/internal/S3BackedJitneyConsumer.kt" timestamp="1553293550075">
        <mark key="'" line="18" column="30" />
      </file>
      <file name="$USER_HOME$/airlab/repos/treehouse/projects/arborist/actor/src/main/kotlin/com/airbnb/arborist/FlakyTestManager.kt" timestamp="1553057935196">
        <mark key="'" line="36" column="28" />
      </file>
      <file name="$USER_HOME$/.kscript/kscript_tmp_project__CI.kts_1541787707808/src/Treehouse.kt" timestamp="1541788138555">
        <mark key="'" line="302" column="12" />
      </file>
      <file name="$USER_HOME$/airlab/repos/treehouse/projects/arborist/service/src/test/kotlin/com/airbnb/arborist/internal/TestStateManagerTest.kt" timestamp="1549581463537">
        <mark key="'" line="61" column="22" />
        <mark key="[" line="43" column="76" />
        <mark key="]" line="43" column="85" />
        <mark key="." line="43" column="85" />
        <mark key="^" line="43" column="85" />
      </file>
      <file name="$USER_HOME$/.gradle/caches/modules-2/files-2.1/com.squareup.okhttp3/logging-interceptor/3.11.0/3e024776aafc5bc55c136a90c2a357a8dc116858/logging-interceptor-3.11.0-sources.jar!/okhttp3/logging/HttpLoggingInterceptor.java" timestamp="1552063438437">
        <mark key="'" line="115" column="9" />
      </file>
      <file name="$USER_HOME$/repos2/intellij-airbnb/src/main/kotlin/com/airbnb/intellij/AirbnbPlugin.kt" timestamp="1543972886200">
        <mark key="'" line="208" column="20" />
      </file>
      <file name="$USER_HOME$/repos2/fullhouse/buildSrc/src/main/java/com/airbnb/thrift/ThriftCompilers.kt" timestamp="1548463817136">
        <mark key="'" line="47" column="6" />
      </file>
      <file name="$USER_HOME$/airlab/repos/treehouse/projects/arborist/common/src/main/kotlin/com/airbnb/arborist/model/Build.kt" timestamp="1552424102116">
        <mark key="'" line="65" column="8" />
      </file>
      <file name="$USER_HOME$/.gradle/wrapper/dists/gradle-4.10-airbnb/941hcb3r3tzs5ut6hgnex2wyh/gradle-4.10/src/core-api/org/gradle/api/invocation/Gradle.java" timestamp="1542743154492">
        <mark key="'" line="57" column="17" />
      </file>
      <file name="/Library/Java/JavaVirtualMachines/jdk1.8.0_192.jdk/Contents/Home/src.zip!/java/util/Date.java" timestamp="1546670731136">
        <mark key="'" line="161" column="44" />
      </file>
      <file name="$USER_HOME$/.gradle/caches/modules-2/files-2.1/com.jcraft/jsch/0.1.54/91d6069df9be9e076bdb124e82fc2a9af9547616/jsch-0.1.54-sources.jar!/com/jcraft/jsch/KeyPair.java" timestamp="1548280707609">
        <mark key="'" line="644" column="25" />
      </file>
      <file name="$USER_HOME$/airlab/repos/fullhouse/buildSrc/src/main/kotlin/com/airbnb/FileTemplate.kt" timestamp="1542753225721">
        <mark key="'" line="0" column="0" />
      </file>
      <file name="$USER_HOME$/.gradle/caches/modules-2/files-2.1/com.jcraft/jsch/0.1.54/91d6069df9be9e076bdb124e82fc2a9af9547616/jsch-0.1.54-sources.jar!/com/jcraft/jsch/IdentityFile.java" timestamp="1548263728799">
        <mark key="'" line="124" column="64" />
      </file>
      <file name="$USER_HOME$/airlab/repos/treehouse/projects/arborist/common/src/main/kotlin/com/airbnb/arborist/TempFileStore.kt" timestamp="1552670382864">
        <mark key="'" line="17" column="15" />
      </file>
      <file name="/Library/Java/JavaVirtualMachines/jdk1.8.0_144.jdk/Contents/Home/src.zip!/java/time/LocalDate.java" timestamp="1544166321916">
        <mark key="'" line="366" column="12" />
      </file>
      <file name="$USER_HOME$/airlab/repos/treehouse/projects/arborist/service/src/main/kotlin/com/airbnb/arborist/service/views/FlakyTestsView.kt" timestamp="1551826067079">
        <mark key="'" line="6" column="20" />
      </file>
      <file name="$USER_HOME$/.gradle/caches/modules-2/files-2.1/redis.clients/jedis/2.9.0/6d75e2498cd82c02665df5f9d7a77d0b5e398157/jedis-2.9.0-sources.jar!/redis/clients/jedis/Jedis.java" timestamp="1551893703599">
        <mark key="'" line="3238" column="22" />
      </file>
      <file name="$USER_HOME$/github/jduan/cosmos/kotlin_sandbox/src/test/kotlin/jduan/JgitTest.kt" timestamp="1548312043552">
        <mark key="'" line="21" column="4" />
        <mark key="[" line="21" column="0" />
        <mark key="]" line="21" column="0" />
        <mark key="." line="21" column="0" />
        <mark key="^" line="14" column="81" />
      </file>
      <file name="$USER_HOME$/airlab/repos/treehouse/projects/arborist/service/src/test/kotlin/com/airbnb/arborist/BuildsCSVExporterTest.kt" timestamp="1554137526481">
        <mark key="'" line="24" column="49" />
      </file>
      <file name="$USER_HOME$/repos2/treehouse/projects/arborist/actor/src/main/kotlin/com/airbnb/arborist/GitRepository.kt" timestamp="1543258833227">
        <mark key="'" line="175" column="8" />
      </file>
      <file name="$USER_HOME$/.gradle/caches/modules-2/files-2.1/io.dropwizard/dropwizard-configuration/1.0.6/ac5494c8ee9af01481d1ac6c23d12c74bb2035c0/dropwizard-configuration-1.0.6-sources.jar!/io/dropwizard/configuration/YamlConfigurationFactory.java" timestamp="1549665258280">
        <mark key="'" line="122" column="36" />
      </file>
      <file name="$USER_HOME$/.gradle/caches/modules-2/files-2.1/com.fasterxml.jackson.core/jackson-databind/2.9.6/dad3a9fbbedf8781dfd138539cd82638ebad5678/jackson-databind-2.9.6-sources.jar!/com/fasterxml/jackson/databind/ObjectMapper.java" timestamp="1543129214731">
        <mark key="'" line="117" column="13" />
      </file>
      <file name="$USER_HOME$/repos2/treehouse-gradle-plugin/src/test/kotlin/com/airbnb/gradle/WorkspaceTest.kt" timestamp="1551720794646">
        <mark key="'" line="138" column="0" />
      </file>
      <file name="/Library/Java/JavaVirtualMachines/jdk1.8.0_144.jdk/Contents/Home/src.zip!/java/lang/Appendable.java" timestamp="1543030056066">
        <mark key="'" line="0" column="0" />
      </file>
      <file name="$USER_HOME$/github/jduan/jkid/src/test/kotlin/examples/_6DateSerializerExample.kt" timestamp="1543118464661">
        <mark key="'" line="9" column="7" />
      </file>
      <file name="$USER_HOME$/airlab/repos/treehouse/projects/arborist/data-sources/gradle-enterprise/consumer/src/main/kotlin/com/airbnb/arborist/datasource/gradle/ExtensionFunctions.kt" timestamp="1552421074492">
        <mark key="'" line="9" column="22" />
      </file>
      <file name="$USER_HOME$/repos2/treehouse/projects/arborist/data-sources/gradle-enterprise/consumer/src/main/kotlin/com/airbnb/arborist/internal/ArboristGradleEnterpriseConsumerConfiguration.kt" timestamp="1542849642383">
        <mark key="'" line="2" column="0" />
      </file>
      <file name="$USER_HOME$/github/jduan/cosmos/kotlin_sandbox/src/main/kotlin/jduan/EgitExample.kt" timestamp="1549494276642">
        <mark key="'" line="20" column="0" />
        <mark key="[" line="20" column="3" />
        <mark key="]" line="20" column="2" />
        <mark key="." line="20" column="2" />
        <mark key="^" line="20" column="2" />
      </file>
      <file name="$USER_HOME$/airlab/repos/treehouse/projects/arborist/service/src/main/resources/com/airbnb/arborist/service/views/find_tests.ftl" timestamp="1551842324073">
        <mark key="'" line="7" column="20" />
        <mark key="[" line="17" column="0" />
        <mark key="]" line="17" column="0" />
        <mark key="." line="17" column="0" />
        <mark key="^" line="12" column="39" />
      </file>
      <file name="$USER_HOME$/airlab/repos/treehouse/projects/arborist/service/src/main/kotlin/com/airbnb/arborist/service/ArboristApplication.kt" timestamp="1551823715281">
        <mark key="'" line="41" column="38" />
        <mark key="[" line="43" column="38" />
        <mark key="]" line="43" column="53" />
        <mark key="^" line="43" column="53" />
        <mark key="." line="43" column="53" />
      </file>
      <file name="$USER_HOME$/airlab/repos/treehouse/projects/arborist/service/src/main/kotlin/com/airbnb/arborist/service/internal/ModulesProvider.kt" timestamp="1554136434646">
        <mark key="'" line="53" column="0" />
        <mark key="[" line="40" column="5" />
        <mark key="]" line="40" column="5" />
        <mark key="." line="40" column="5" />
        <mark key="^" line="40" column="5" />
      </file>
      <file name="$USER_HOME$/airlab/repos/treehouse/projects/arborist/common/src/main/kotlin/com/airbnb/arborist/internal/BuildsDataCollector.kt" timestamp="1553048802788">
        <mark key="'" line="13" column="46" />
        <mark key="[" line="67" column="0" />
        <mark key="]" line="67" column="80" />
        <mark key="." line="67" column="73" />
        <mark key="^" line="67" column="73" />
      </file>
      <file name="$USER_HOME$/airlab/repos/treehouse/projects/arborist/streaming/src/main/kotlin/com/airbnb/arborist/internal/NewFlakyTestEventNotifier.kt" timestamp="1552513115358">
        <mark key="'" line="0" column="0" />
        <mark key="[" line="27" column="73" />
        <mark key="]" line="27" column="79" />
        <mark key="." line="27" column="79" />
        <mark key="^" line="27" column="79" />
      </file>
      <file name="$USER_HOME$/repos2/treehouse/_infra/ci/dispatch.yml" timestamp="1541785666971">
        <mark key="'" line="0" column="0" />
      </file>
      <file name="$USER_HOME$/repos2/fullhouse/projects/arborist/streaming/src/main/kotlin/com/airbnb/arborist/cli/ArboristStreamingApp.kt" timestamp="1553882103150">
        <mark key="'" line="2" column="27" />
      </file>
      <file name="$USER_HOME$/repos2/treehouse/projects/arborist/common/src/main/kotlin/com/airbnb/arborist/jitney/JitneyBuildCompletedAdapter.kt" timestamp="1543446700447">
        <mark key="'" line="79" column="37" />
      </file>
      <file name="$USER_HOME$/airlab/repos/treehouse/projects/arborist/service/src/main/kotlin/com/airbnb/arborist/service/resources/EnableDisableTestResource.kt" timestamp="1553537979400">
        <mark key="'" line="30" column="0" />
        <mark key="[" line="71" column="47" />
        <mark key="]" line="71" column="56" />
        <mark key="." line="71" column="56" />
        <mark key="^" line="71" column="56" />
      </file>
      <file name="$USER_HOME$/.gradle/caches/modules-2/files-2.1/io.reactivex.rxjava2/rxjava/2.1.16/6a7c02d6f4c4d7d0c9da1c13ca7e8eb6098a7af0/rxjava-2.1.16-sources.jar!/io/reactivex/Single.java" timestamp="1552420815146">
        <mark key="'" line="2304" column="36" />
      </file>
      <file name="$USER_HOME$/airlab/repos/treehouse/projects/arborist/service/src/main/resources/com/airbnb/arborist/service/views/flaky_tests.ftl" timestamp="1551828477088">
        <mark key="'" line="8" column="11" />
        <mark key="[" line="11" column="0" />
        <mark key="]" line="11" column="0" />
        <mark key="." line="11" column="0" />
        <mark key="^" line="11" column="31" />
      </file>
      <file name="$USER_HOME$/airlab/repos/treehouse/projects/arborist/streaming/src/main/kotlin/com/airbnb/arborist/internal/BuildAvailableEventMessageHandler.kt" timestamp="1554136085810">
        <mark key="'" line="0" column="0" />
      </file>
      <file name="$USER_HOME$/repos2/treehouse/projects/arborist/common/src/main/kotlin/com/airbnb/arborist/ArboristEnvironment.kt" timestamp="1543196014793">
        <mark key="'" line="7" column="36" />
      </file>
      <file name="$USER_HOME$/airlab/repos/treehouse/ci/src/Treehouse.kt" timestamp="1546755811287">
        <mark key="'" line="22" column="0" />
      </file>
      <file name="$USER_HOME$/.gradle/caches/modules-2/files-2.1/com.hubspot.slack/slack-java-client/1.0/d81a0526e49f1633622ce65cb385ae869e374277/slack-java-client-1.0-sources.jar!/com/hubspot/slack/client/SlackClientRuntimeConfig.java" timestamp="1542409551529">
        <mark key="'" line="85" column="25" />
      </file>
      <file name="$USER_HOME$/airlab/repos/treehouse/projects/arborist/streaming/src/main/kotlin/com/airbnb/arborist/internal/BuildsConsumedRegistry.kt" timestamp="1553316889070">
        <mark key="'" line="10" column="39" />
      </file>
      <file name="$USER_HOME$/repos2/treehouse/projects/arborist/common/src/main/kotlin/com/airbnb/arborist/model/FailureReason.kt" timestamp="1544031514849">
        <mark key="'" line="29" column="4" />
      </file>
      <file name="$USER_HOME$/.gradle/caches/modules-2/files-2.1/com.jetbrains.intellij.idea/ideaIC/183.3795.13/1f5f89e9e2a12621ff3bbeb9a5ec58e92822a31b/ideaIC-183.3795.13-sources.jar!/com/intellij/openapi/externalSystem/model/task/ExternalSystemTaskNotificationListenerAdapter.java" timestamp="1542656796395">
        <mark key="'" line="0" column="0" />
      </file>
      <file name="$USER_HOME$/.gradle/caches/modules-2/files-2.1/org.eclipse.mylyn.github/org.eclipse.egit.github.core/2.1.5/4704e7f370d7d2fe59c82a5f128e390a36508cbc/org.eclipse.egit.github.core-2.1.5-sources.jar!/org/eclipse/egit/github/core/client/GitHubClient.java" timestamp="1549489584610">
        <mark key="'" line="341" column="9" />
      </file>
      <file name="$USER_HOME$/.gradle/caches/modules-2/files-2.1/com.squareup.okhttp3/okhttp/3.11.0/cf16b99519850b1adc3b259c90fd8566a0f592f3/okhttp-3.11.0-sources.jar!/okhttp3/internal/connection/RealConnection.java" timestamp="1551986049262">
        <mark key="'" line="232" column="15" />
      </file>
      <file name="$USER_HOME$/airlab/repos/treehouse/projects/arborist/service/src/main/kotlin/com/airbnb/arborist/service/ArboristServiceConfiguration.kt" timestamp="1551809184864">
        <mark key="'" line="8" column="27" />
        <mark key="[" line="14" column="0" />
        <mark key="]" line="16" column="64" />
        <mark key="." line="40" column="10" />
        <mark key="^" line="43" column="10" />
      </file>
      <file name="$USER_HOME$/.kscript/kscript_tmp_project__CI.kts_1541809480434/src/Main.kt" timestamp="1541809770923">
        <mark key="'" line="27" column="0" />
      </file>
      <file name="$USER_HOME$/.kscript/kscript_tmp_project__CI.kts_1541787707808/src/Main.kt" timestamp="1541787939030">
        <mark key="'" line="32" column="47" />
      </file>
      <file name="$USER_HOME$/.kscript/kscript_tmp_project__CITest.kts_1552541117994/src/Treehouse.kt" timestamp="1552541164958">
        <mark key="'" line="0" column="0" />
      </file>
      <file name="$USER_HOME$/airlab/repos/treehouse/common/dropwizard1.0/src/main/java/com/airbnb/common/dropwizard/config/ServiceApiErrorExceptionMapper.java" timestamp="1554137583452">
        <mark key="'" line="20" column="29" />
      </file>
      <file name="$USER_HOME$/repos2/treehouse/projects/arborist/streaming/src/main/kotlin/com/airbnb/arborist/metrics/DatadogBuildMetricsTracker.kt" timestamp="1540934909002">
        <mark key="'" line="11" column="0" />
      </file>
      <file name="$USER_HOME$/airlab/repos/treehouse/projects/arborist/streaming/src/main/kotlin/com/airbnb/arborist/internal/ModulesProvider.kt" timestamp="1554140381258">
        <mark key="'" line="85" column="0" />
        <mark key="[" line="89" column="41" />
        <mark key="]" line="89" column="41" />
        <mark key="^" line="89" column="41" />
        <mark key="." line="89" column="41" />
      </file>
      <file name="$USER_HOME$/.kscript/kscript_tmp_project__CITest.kts_1547618586275/src/GradleExecutor.kt" timestamp="1550174122585">
        <mark key="'" line="11" column="8" />
      </file>
      <file name="$USER_HOME$/.kscript/kscript_tmp_project__CI.kts_1546883647963/src/TreehouseTests.kt" timestamp="1547617643880">
        <mark key="'" line="21" column="12" />
      </file>
      <file name="$USER_HOME$/airlab/repos/treehouse/buildSrc/src/main/kotlin/com/airbnb/CheckDuplicateClassesTask.kt" timestamp="1546755394888">
        <mark key="'" line="49" column="38" />
      </file>
      <file name="$USER_HOME$/airlab/repos/treehouse/projects/arborist/service/src/main/resources/com/airbnb/arborist/service/views/find_test_results.ftl" timestamp="1553048558310">
        <mark key="'" line="12" column="20" />
      </file>
      <file name="$USER_HOME$/airlab/repos/treehouse/projects/omnes/omnes-clients/src/main/java/com/airbnb/omnes/producer/OmnesProducerFactory.java" timestamp="1551468925561">
        <mark key="'" line="76" column="88" />
      </file>
      <file name="$USER_HOME$/airlab/repos/treehouse/projects/arborist/data-sources/gradle-enterprise/consumer/src/main/kotlin/com/airbnb/arborist/datasource/gradle/event/BuildEvent.kt" timestamp="1549061150400">
        <mark key="'" line="6" column="6" />
      </file>
      <file name="$USER_HOME$/repos2/treehouse/projects/arborist/data-sources/gradle-enterprise/consumer/src/main/kotlin/com/airbnb/arborist/internal/BuildsSeenTracker.kt" timestamp="1544122839706">
        <mark key="'" line="15" column="6" />
      </file>
      <file name="$USER_HOME$/repos2/treehouse/projects/arborist/data-sources/gradle-enterprise/consumer/src/main/kotlin/com/airbnb/arborist/datasource/gradle/event/TaskFinishedEvent.kt" timestamp="1543516645051">
        <mark key="'" line="8" column="18" />
      </file>
      <file name="$USER_HOME$/airlab/repos/treehouse/projects/omnes/omnes-clients/src/main/java/com/airbnb/omnes/producer/OmnesAsyncProducer.java" timestamp="1551468772308">
        <mark key="'" line="60" column="33" />
      </file>
      <file name="$USER_HOME$/.gradle/caches/modules-2/files-2.1/com.jcraft/jsch/0.1.54/91d6069df9be9e076bdb124e82fc2a9af9547616/jsch-0.1.54-sources.jar!/com/jcraft/jsch/JSch.java" timestamp="1548207224602">
        <mark key="'" line="448" column="32" />
      </file>
      <file name="$USER_HOME$/repos2/treehouse/projects/arborist/data-sources/gradle-enterprise/consumer/src/main/kotlin/com/airbnb/arborist/datasource/gradle/event/BuildEvent.kt" timestamp="1543431903835">
        <mark key="'" line="31" column="27" />
      </file>
      <file name="$USER_HOME$/airlab/repos/treehouse/projects/arborist/common/src/main/kotlin/com/airbnb/arborist/internal/FlakyTestsCollector.kt" timestamp="1550255808182">
        <mark key="'" line="22" column="42" />
      </file>
      <file name="$USER_HOME$/.gradle/caches/modules-2/files-2.1/com.amazonaws/aws-java-sdk-core/1.10.77/9fb6c9148402d1a08ed351adb456b488ad8c0be0/aws-java-sdk-core-1.10.77-sources.jar!/com/amazonaws/auth/InstanceProfileCredentialsProvider.java" timestamp="1554140738533">
        <mark key="'" line="38" column="53" />
      </file>
      <file name="$USER_HOME$/airlab/repos/treehouse/projects/arborist/common/src/main/kotlin/com/airbnb/arborist/internal/BuildsConsumedTracker.kt" timestamp="1553316912451">
        <mark key="'" line="6" column="27" />
      </file>
      <file name="$USER_HOME$/github/jduan/cosmos/kotlin_sandbox/src/main/kotlin/jduan/OKhttpTest.kt" timestamp="1552408208426">
        <mark key="'" line="45" column="48" />
        <mark key="[" line="45" column="77" />
        <mark key="]" line="45" column="96" />
        <mark key="." line="45" column="96" />
        <mark key="^" line="45" column="96" />
      </file>
      <file name="$USER_HOME$/.gradle/caches/modules-2/files-2.1/org.kohsuke/github-api/1.95/2b4da33b00370bbd2b736b3f24b41e0615cfd557/github-api-1.95-sources.jar!/org/kohsuke/github/GitHubBuilder.java" timestamp="1549559922619">
        <mark key="'" line="67" column="50" />
      </file>
      <file name="$USER_HOME$/airlab/repos/treehouse/projects/omnes/omnes-clients/src/main/java/com/airbnb/omnes/consumer/config/ConsumerConfig.java" timestamp="1546558457707">
        <mark key="'" line="63" column="3" />
      </file>
      <file name="$USER_HOME$/.gradle/caches/modules-2/files-2.1/org.eclipse.jgit/org.eclipse.jgit/5.0.1.201806211838-r/c85725a96e20d940fe20e1be4ddf50133c322f65/org.eclipse.jgit-5.0.1.201806211838-r-sources.jar!/org/eclipse/jgit/blame/BlameResult.java" timestamp="1551829027031">
        <mark key="'" line="199" column="27" />
      </file>
      <file name="$USER_HOME$/github/jduan/cosmos/kotlin_sandbox/build.gradle" timestamp="1552002348743">
        <mark key="'" line="48" column="6" />
        <mark key="[" line="54" column="0" />
        <mark key="]" line="54" column="0" />
        <mark key="." line="54" column="0" />
        <mark key="^" line="53" column="0" />
      </file>
      <file name="$USER_HOME$/.gradle/caches/modules-2/files-2.1/org.eclipse.mylyn.github/org.eclipse.egit.github.core/2.1.5/4704e7f370d7d2fe59c82a5f128e390a36508cbc/org.eclipse.egit.github.core-2.1.5-sources.jar!/org/eclipse/egit/github/core/service/PullRequestService.java" timestamp="1549490823774">
        <mark key="'" line="49" column="16" />
      </file>
      <file name="$USER_HOME$/repos2/treehouse/projects/arborist/streaming/src/main/kotlin/com/airbnb/arborist/metrics/RedisBuildStatisticsTracker.kt" timestamp="1544037075932">
        <mark key="'" line="14" column="15" />
      </file>
      <file name="$USER_HOME$/repos2/treehouse/projects/arborist/streaming/src/main/kotlin/com/airbnb/arborist/cli/ArboristStreamingApp.kt" timestamp="1541178936596">
        <mark key="'" line="17" column="0" />
      </file>
      <file name="$USER_HOME$/repos2/treehouse/projects/arborist/service/src/main/resources/com/airbnb/arborist/service/views/config.ftl" timestamp="1541526718947">
        <mark key="'" line="12" column="9" />
      </file>
      <file name="$USER_HOME$/airlab/repos/treehouse/common/security/bagpiper/bagpiper-core/src/main/java/com/airbnb/bagpiper/apps/BagpiperApps.java" timestamp="1553286889445">
        <mark key="'" line="28" column="66" />
      </file>
      <file name="$USER_HOME$/airlab/repos/treehouse/projects/omnes/omnes-clients/src/main/java/com/airbnb/omnes/producer/AbstractOmnesProducer.java" timestamp="1551468815085">
        <mark key="'" line="113" column="42" />
      </file>
      <file name="$USER_HOME$/airlab/repos/treehouse/projects/arborist/common/src/main/kotlin/com/airbnb/arborist/internal/SimpleBuild.kt" timestamp="1552067170949">
        <mark key="'" line="105" column="8" />
      </file>
      <file name="$USER_HOME$/airlab/repos/treehouse/projects/arborist/actor/src/main/kotlin/com/airbnb/arborist/TransportConfigCallbackFactory.kt" timestamp="1549500298277">
        <mark key="'" line="6" column="18" />
      </file>
      <file name="$USER_HOME$/airlab/repos/treehouse/projects/arborist/data-sources/gradle-enterprise/consumer/src/main/kotlin/com/airbnb/arborist/datasource/gradle/jitney/S3BackedJitneyPublisher.kt" timestamp="1553545523232">
        <mark key="'" line="0" column="0" />
      </file>
      <file name="$USER_HOME$/github/jduan/cosmos/kotlin_sandbox/src/main/kotlin/jduan/Main.kt" timestamp="1552002112419">
        <mark key="'" line="5" column="30" />
        <mark key="[" line="0" column="13" />
        <mark key="]" line="0" column="17" />
        <mark key="." line="0" column="17" />
        <mark key="^" line="0" column="17" />
      </file>
      <file name="$USER_HOME$/.gradle/caches/modules-2/files-2.1/redis.clients/jedis/2.9.0/6d75e2498cd82c02665df5f9d7a77d0b5e398157/jedis-2.9.0-sources.jar!/redis/clients/jedis/ScanResult.java" timestamp="1551893557798">
        <mark key="'" line="41" column="48" />
      </file>
      <file name="/Library/Java/JavaVirtualMachines/jdk1.8.0_192.jdk/Contents/Home/src.zip!/java/io/File.java" timestamp="1549996425281">
        <mark key="'" line="285" column="7" />
      </file>
      <file name="$USER_HOME$/airlab/repos/treehouse/projects/arborist/data-sources/gradle-enterprise/consumer/src/main/kotlin/com/airbnb/arborist/internal/ModulesProvider.kt" timestamp="1554136440394">
        <mark key="'" line="0" column="0" />
        <mark key="[" line="71" column="40" />
        <mark key="]" line="71" column="40" />
        <mark key="." line="71" column="40" />
      </file>
      <file name="$USER_HOME$/repos2/treehouse/projects/arborist/streaming/src/test/kotlin/com/airbnb/arborist/internal/NewFlakyTestEventNotifierTest.kt" timestamp="1540923181937">
        <mark key="'" line="32" column="18" />
      </file>
      <file name="$USER_HOME$/repos2/treehouse/projects/arborist/common/src/main/kotlin/com/airbnb/arborist/model/UnitTest.kt" timestamp="1543444229163">
        <mark key="'" line="43" column="6" />
      </file>
      <file name="$USER_HOME$/.gradle/caches/modules-2/files-2.1/com.fasterxml.jackson.module/jackson-module-kotlin/2.9.7/e887f581f748e52d57c45e52461d1086dd77ee7d/jackson-module-kotlin-2.9.7-sources.jar!/com/fasterxml/jackson/module/kotlin/Extensions.kt" timestamp="1546583790415">
        <mark key="'" line="14" column="4" />
      </file>
      <file name="$USER_HOME$/github/jduan/cosmos/kotlin_sandbox/src/main/kotlin/jduan/Coroutines.kt" timestamp="1549488657911">
        <mark key="'" line="8" column="7" />
        <mark key="[" line="9" column="21" />
        <mark key="]" line="10" column="21" />
        <mark key="." line="10" column="21" />
        <mark key="^" line="10" column="21" />
      </file>
      <file name="$USER_HOME$/airlab/repos/treehouse/projects/arborist/data-sources/gradle-enterprise/consumer/src/main/kotlin/com/airbnb/arborist/datasource/gradle/jitney/BuildEventsPublisher.kt" timestamp="1552669365128">
        <mark key="'" line="14" column="8" />
      </file>
      <file name="$USER_HOME$/repos2/treehouse-gradle-plugin/src/main/kotlin/com/airbnb/gradle/tasks/AffectedTargetsFilterTask.kt" timestamp="1542845885537">
        <mark key="'" line="22" column="21" />
      </file>
      <file name="$USER_HOME$/.kscript/kscript_tmp_project__CI.kts_1541787707808/src/TreehouseTests.kt" timestamp="1541788523807">
        <mark key="'" line="20" column="8" />
      </file>
      <file name="$USER_HOME$/.gradle/caches/modules-2/files-2.1/org.eclipse.mylyn.github/org.eclipse.egit.github.core/2.1.5/4704e7f370d7d2fe59c82a5f128e390a36508cbc/org.eclipse.egit.github.core-2.1.5-sources.jar!/org/eclipse/egit/github/core/PullRequest.java" timestamp="1549490622296">
        <mark key="'" line="43" column="20" />
      </file>
      <file name="$USER_HOME$/.gradle/caches/modules-2/files-2.1/com.github.ajalt/clikt/1.4.0/77457f03aff3a61fa23621364077cdcf79f3be12/clikt-1.4.0-sources.jar!/com/github/ajalt/clikt/parameters/options/OptionWithValues.kt" timestamp="1547158581889">
        <mark key="'" line="156" column="19" />
      </file>
      <file name="$USER_HOME$/airlab/repos/treehouse/projects/arborist/streaming/src/main/kotlin/com/airbnb/arborist/metrics/RedisTaskMetricsTracker.kt" timestamp="1549562606669">
        <mark key="'" line="9" column="38" />
      </file>
      <file name="/usr/local/Cellar/gradle/5.1/libexec/src/testing-base/org/gradle/api/tasks/testing/TestFilter.java" timestamp="1550174569749">
        <mark key="'" line="96" column="54" />
      </file>
      <file name="$USER_HOME$/airlab/repos/treehouse/projects/arborist/common/src/test/kotlin/com/airbnb/arborist/jitney/JitneyBuildCompletedEventAdapterTest.kt" timestamp="1550259793967">
        <mark key="'" line="24" column="67" />
      </file>
      <file name="$USER_HOME$/airlab/repos/treehouse/projects/arborist/actor/src/main/kotlin/com/airbnb/arborist/PullRequestFlow.kt" timestamp="1551917248540">
        <mark key="'" line="20" column="26" />
        <mark key="[" line="46" column="44" />
        <mark key="]" line="46" column="50" />
        <mark key="." line="46" column="50" />
        <mark key="^" line="46" column="50" />
      </file>
      <file name="$USER_HOME$/.kscript/kscript_tmp_project__CI.kts_1541809480434/src/CI.kts" timestamp="1541809600943">
        <mark key="'" line="5" column="0" />
      </file>
      <file name="$USER_HOME$/github/jduan/advent_of_code/src/test/kotlin/year2018/Day4Input.txt" timestamp="1545964912663">
        <mark key="'" line="128" column="12" />
      </file>
      <file name="$USER_HOME$/airlab/repos/treehouse/projects/omnes/omnes-clients/src/main/java/com/airbnb/omnes/producer/config/ProducerConfig.java" timestamp="1552671724464">
        <mark key="'" line="28" column="27" />
      </file>
      <file name="$USER_HOME$/repos2/treehouse/projects/arborist/common/src/main/kotlin/com/airbnb/arborist/S3FileStore.kt" timestamp="1543623377458">
        <mark key="'" line="53" column="15" />
      </file>
      <file name="$USER_HOME$/airlab/repos/treehouse/projects/arborist/service/src/main/kotlin/com/airbnb/arborist/service/views/ArboristView.kt" timestamp="1546462938184">
        <mark key="'" line="10" column="6" />
      </file>
      <file name="$USER_HOME$/.kscript/kscript_tmp_project__CI.kts_1542735462284/src/Main.kt" timestamp="1543127456127">
        <mark key="'" line="100" column="23" />
      </file>
      <file name="$USER_HOME$/.gradle/caches/modules-2/files-2.1/com.squareup.okhttp3/okhttp/3.11.0/cf16b99519850b1adc3b259c90fd8566a0f592f3/okhttp-3.11.0-sources.jar!/okhttp3/OkHttpClient.java" timestamp="1544219592218">
        <mark key="'" line="275" column="69" />
      </file>
      <file name="$USER_HOME$/airlab/repos/treehouse/projects/arborist/service/src/test/kotlin/com/airbnb/arborist/internal/CodeOwnersTest.kt" timestamp="1549905457186">
        <mark key="'" line="12" column="10" />
      </file>
      <file name="$USER_HOME$/github/jduan/cosmos/kotlin_sandbox/src/main/kotlin/jduan/Misc.kt" timestamp="1549300454042">
        <mark key="'" line="14" column="29" />
        <mark key="[" line="27" column="4" />
        <mark key="]" line="27" column="7" />
        <mark key="." line="27" column="7" />
        <mark key="^" line="27" column="7" />
      </file>
      <file name="$USER_HOME$/.kscript/kscript_tmp_project__CI.kts_1546883647963/src/Main.kt" timestamp="1547617652234">
        <mark key="'" line="4" column="35" />
      </file>
      <file name="$USER_HOME$/repos2/treehouse/projects/arborist/streaming/src/main/kotlin/com/airbnb/arborist/internal/NewFlakyTestEventNotifier.kt" timestamp="1543453370257">
        <mark key="'" line="0" column="0" />
      </file>
      <file name="$USER_HOME$/repos2/treehouse/projects/arborist/common/src/main/kotlin/com/airbnb/arborist/internal/Constants.kt" timestamp="1541523785827">
        <mark key="'" line="17" column="12" />
      </file>
      <file name="$USER_HOME$/github/jduan/jkid/src/main/kotlin/Annotations.kt" timestamp="1543118369884">
        <mark key="'" line="19" column="17" />
      </file>
      <file name="$USER_HOME$/repos2/treehouse/projects/arborist/common/src/main/kotlin/com/airbnb/arborist/internal/DailyBuildsSummary.kt" timestamp="1544165873711">
        <mark key="'" line="5" column="8" />
      </file>
      <file name="$USER_HOME$/airlab/repos/treehouse/projects/arborist/streaming/src/test/kotlin/com/airbnb/arborist/internal/BuildsDataCollectorTest.kt" timestamp="1553560899982">
        <mark key="'" line="21" column="44" />
      </file>
      <file name="$USER_HOME$/.gradle/caches/modules-2/files-2.1/commons-cli/commons-cli/1.4/40dfd9fdef125e19136135e68d54af6d9b0cfbb8/commons-cli-1.4-sources.jar!/org/apache/commons/cli/Option.java" timestamp="1543197222762">
        <mark key="'" line="841" column="27" />
      </file>
      <file name="$USER_HOME$/github/jduan/cosmos/kotlin_sandbox/src/main/kotlin/jduan/GithubApiExample.kt" timestamp="1549499597017">
        <mark key="'" line="19" column="4" />
        <mark key="[" line="7" column="0" />
        <mark key="]" line="16" column="21" />
        <mark key="." line="0" column="19" />
        <mark key="^" line="0" column="19" />
      </file>
      <file name="$USER_HOME$/airlab/repos/treehouse/projects/arborist/common/src/main/kotlin/com/airbnb/arborist/internal/BuildTracker.kt" timestamp="1553316918900">
        <mark key="'" line="13" column="27" />
      </file>
      <file name="/Library/Java/JavaVirtualMachines/jdk1.8.0_192.jdk/Contents/Home/src.zip!/java/util/Calendar.java" timestamp="1547586054211">
        <mark key="'" line="1624" column="27" />
      </file>
      <file name="$USER_HOME$/repos2/treehouse/projects/arborist/service/src/main/kotlin/com/airbnb/arborist/service/resources/EnableDisableTestResource.kt" timestamp="1543553236575">
        <mark key="'" line="40" column="25" />
      </file>
      <file name="$USER_HOME$/airlab/repos/treehouse/projects/arborist/actor/src/main/kotlin/com/airbnb/arborist/ArboristSshSessionFactory.kt" timestamp="1549487913274">
        <mark key="'" line="29" column="15" />
        <mark key="[" line="32" column="30" />
        <mark key="]" line="32" column="30" />
        <mark key="." line="32" column="30" />
        <mark key="^" line="32" column="30" />
      </file>
      <file name="$USER_HOME$/airlab/repos/treehouse/projects/arborist/streaming/src/test/kotlin/com/airbnb/arborist/internal/BuildsConsumedRegistryTest.kt" timestamp="1553561004886">
        <mark key="'" line="18" column="19" />
      </file>
      <file name="$USER_HOME$/repos2/fullhouse/buildSrc/src/main/kotlin/com/airbnb/TestTimeoutEnforcer.kt" timestamp="1547495944916">
        <mark key="'" line="6" column="8" />
      </file>
      <file name="$USER_HOME$/airlab/repos/treehouse/projects/wormhole/common/src/main/java/com/airbnb/services/smartclient/config/ApiClientConfig.java" timestamp="1554137127717">
        <mark key="a" line="81" column="17" />
        <mark key="'" line="82" column="38" />
      </file>
      <file name="$USER_HOME$/repos2/treehouse/projects/arborist/streaming/src/main/kotlin/com/airbnb/arborist/metrics/RedisTestMetricsTracker.kt" timestamp="1543433599027">
        <mark key="'" line="20" column="0" />
      </file>
      <file name="$USER_HOME$/airlab/repos/treehouse/projects/arborist/data-sources/gradle-enterprise/consumer/src/main/kotlin/com/airbnb/arborist/internal/FakeSslContext.kt" timestamp="1551464854999">
        <mark key="'" line="7" column="7" />
      </file>
      <file name="$USER_HOME$/repos2/treehouse/projects/arborist/data-sources/gradle-enterprise/consumer/src/main/kotlin/com/airbnb/arborist/datasource/gradle/event/TaskStartedEvent.kt" timestamp="1543516179037">
        <mark key="'" line="0" column="0" />
      </file>
      <file name="$USER_HOME$/repos2/treehouse/projects/arborist/common/src/main/kotlin/com/airbnb/arborist/kxdate.kt" timestamp="1544033702855">
        <mark key="'" line="94" column="10" />
      </file>
      <file name="$USER_HOME$/repos2/fullhouse/projects/arborist/streaming/src/main/kotlin/com/airbnb/arborist/cli/ArboristStreamingConsumerConfiguration.kt" timestamp="1553874952467">
        <mark key="'" line="0" column="0" />
      </file>
      <file name="$USER_HOME$/airlab/repos/treehouse/common/security/bagpiper/bagpiper-core/src/main/java/com/airbnb/bagpiper/reflect/AnnotatedObjectProcessor.java" timestamp="1553183402175">
        <mark key="'" line="47" column="42" />
      </file>
      <file name="$USER_HOME$/airlab/repos/treehouse/projects/arborist/streaming/src/test/kotlin/com/airbnb/arborist/internal/NewFlakyTestEventNotifierTest.kt" timestamp="1552171455566">
        <mark key="'" line="25" column="29" />
      </file>
      <file name="$USER_HOME$/airlab/repos/treehouse/projects/arborist/actor/src/main/kotlin/com/airbnb/arborist/SshCredentials.kt" timestamp="1549487819566">
        <mark key="'" line="27" column="8" />
      </file>
      <file name="$USER_HOME$/airlab/repos/treehouse/projects/arborist/common/src/main/kotlin/com/airbnb/arborist/jitney/JitneyBuildCompletedAdapter.kt" timestamp="1552512680911">
        <mark key="'" line="14" column="6" />
      </file>
      <file name="$USER_HOME$/.gradle/caches/modules-2/files-2.1/org.eclipse.jgit/org.eclipse.jgit/5.0.1.201806211838-r/c85725a96e20d940fe20e1be4ddf50133c322f65/org.eclipse.jgit-5.0.1.201806211838-r-sources.jar!/org/eclipse/jgit/api/LogCommand.java" timestamp="1551853107010">
        <mark key="'" line="99" column="13" />
      </file>
      <file name="$USER_HOME$/airlab/repos/treehouse/projects/omnes/omnes-clients/src/main/java/com/airbnb/omnes/common/config/BusConfig.java" timestamp="1552669609881">
        <mark key="'" line="22" column="91" />
      </file>
      <file name="$USER_HOME$/airlab/repos/treehouse/projects/arborist/common/src/main/kotlin/com/airbnb/arborist/S3FileStore.kt" timestamp="1553293098466">
        <mark key="'" line="0" column="0" />
      </file>
      <file name="$USER_HOME$/airlab/repos/treehouse/projects/datainfra/jitney-logging/src/main/java/com/airbnb/di/logging/jitney/monitoring/JitneyLoggerMetrics.java" timestamp="1546627246332">
        <mark key="'" line="43" column="4" />
      </file>
      <file name="$USER_HOME$/repos2/treehouse/projects/arborist/data-sources/gradle-enterprise/consumer/src/main/kotlin/com/airbnb/arborist/datasource/gradle/ExtensionFunctions.kt" timestamp="1543431914383">
        <mark key="'" line="8" column="13" />
      </file>
      <file name="$USER_HOME$/.gradle/caches/modules-2/files-2.1/com.fasterxml.jackson.core/jackson-databind/2.7.9.1/9343fc3be71cc6a741d53c707732860f04db69b9/jackson-databind-2.7.9.1-sources.jar!/com/fasterxml/jackson/databind/ObjectMapper.java" timestamp="1546558356095">
        <mark key="'" line="2546" column="19" />
      </file>
      <file name="$USER_HOME$/repos2/fullhouse/buildSrc/src/main/kotlin/com/airbnb/thrift/BuildServiceIDLTask.kt" timestamp="1547577155909">
        <mark key="'" line="219" column="21" />
      </file>
      <file name="$USER_HOME$/repos2/treehouse/projects/arborist/data-sources/gradle-enterprise/consumer/src/main/kotlin/com/airbnb/arborist/datasource/gradle/jitney/BuildEventsPublisher.kt" timestamp="1542432642697">
        <mark key="'" line="16" column="4" />
      </file>
      <file name="$USER_HOME$/airlab/repos/treehouse/projects/arborist/service/src/main/kotlin/com/airbnb/arborist/BrokenBuildsExporter.kt" timestamp="1551805499076">
        <mark key="'" line="14" column="13" />
      </file>
      <file name="$USER_HOME$/.gradle/caches/modules-2/files-2.1/org.jetbrains.kotlin/kotlin-stdlib/1.3.10/eedd46031f8f5dc8c088e7d52f136d855fc1bddb/kotlin-stdlib-1.3.10-sources.jar!/kotlin/io/FileReadWrite.kt" timestamp="1543732152285">
        <mark key="'" line="171" column="17" />
      </file>
      <file name="$USER_HOME$/.gradle/caches/modules-2/files-2.1/org.eclipse.mylyn.github/org.eclipse.egit.github.core/2.1.5/4704e7f370d7d2fe59c82a5f128e390a36508cbc/org.eclipse.egit.github.core-2.1.5-sources.jar!/org/eclipse/egit/github/core/Comment.java" timestamp="1549490801254">
        <mark key="'" line="164" column="15" />
      </file>
      <file name="$USER_HOME$/.kscript/kscript_tmp_project__CITest.kts_1547618586275/src/TreehouseTests.kt" timestamp="1552541036063">
        <mark key="'" line="23" column="7" />
      </file>
      <file name="$USER_HOME$/.gradle/caches/modules-2/files-2.1/org.kohsuke/github-api/1.95/2b4da33b00370bbd2b736b3f24b41e0615cfd557/github-api-1.95-sources.jar!/org/kohsuke/github/GHPullRequest.java" timestamp="1549579216672">
        <mark key="'" line="88" column="76" />
      </file>
      <file name="$USER_HOME$/.gradle/caches/modules-2/files-2.1/com.fasterxml.jackson.core/jackson-databind/2.7.8/bd25163b4514f72c20e231e126c216c0f3195e97/jackson-databind-2.7.8-sources.jar!/com/fasterxml/jackson/databind/ObjectMapper.java" timestamp="1544124744581">
        <mark key="'" line="2812" column="5" />
      </file>
      <file name="$USER_HOME$/repos2/treehouse/projects/arborist/actor/src/main/kotlin/com/airbnb/arborist/GitRepositoryFactory.kt" timestamp="1540228780997">
        <mark key="'" line="6" column="18" />
      </file>
      <file name="$USER_HOME$/airlab/repos/treehouse/buildSrc/src/main/kotlin/com/airbnb/CheckDuplicateClassesPlugin.kt" timestamp="1546754240059">
        <mark key="'" line="7" column="12" />
      </file>
      <file name="/Library/Java/JavaVirtualMachines/jdk1.8.0_192.jdk/Contents/Home/src.zip!/java/util/logging/Level.java" timestamp="1552368250270">
        <mark key="'" line="176" column="30" />
      </file>
      <file name="$USER_HOME$/repos2/treehouse-gradle-plugin/src/main/kotlin/com/airbnb/gradle/tasks/DeployboardUploadTask.kt" timestamp="1544143917372">
        <mark key="'" line="56" column="0" />
      </file>
      <file name="$USER_HOME$/.gradle/caches/modules-2/files-2.1/com.github.ajalt/clikt/1.4.0/77457f03aff3a61fa23621364077cdcf79f3be12/clikt-1.4.0-sources.jar!/com/github/ajalt/clikt/core/CliktCommand.kt" timestamp="1541809744067">
        <mark key="'" line="86" column="8" />
      </file>
      <file name="$USER_HOME$/.kscript/kscript_tmp_project__CITest.kts_1547618586275/src/TreehouseTestsTest.kt" timestamp="1550854445115">
        <mark key="'" line="109" column="14" />
        <mark key="[" line="108" column="123" />
        <mark key="]" line="108" column="124" />
        <mark key="." line="108" column="124" />
        <mark key="^" line="108" column="124" />
      </file>
      <file name="$USER_HOME$/.gradle/caches/modules-2/files-2.1/org.coursera/metrics-datadog/1.1.10/8c06058d451b5cdb60a4b3804a49e12c405ca596/metrics-datadog-1.1.10-sources.jar!/org/coursera/metrics/datadog/DatadogReporter.java" timestamp="1540945227512">
        <mark key="'" line="70" column="14" />
      </file>
      <file name="$USER_HOME$/repos2/treehouse/projects/arborist/common/src/main/kotlin/com/airbnb/arborist/model/BuildTask.kt" timestamp="1543599697198">
        <mark key="'" line="37" column="0" />
      </file>
      <file name="$USER_HOME$/repos2/fullhouse/buildSrc/src/main/kotlin/com/airbnb/CheckDuplicateClassesPlugin.kt" timestamp="1546883464244">
        <mark key="'" line="0" column="0" />
      </file>
      <file name="$USER_HOME$/.gradle/caches/modules-2/files-2.1/org.jetbrains.kotlin/kotlin-stdlib-common/1.3.0/8bee30ce9d075088b3d590488a270e2c3ea39b3a/kotlin-stdlib-common-1.3.0-sources.jar!/kotlin/text/Strings.kt" timestamp="1543471651342">
        <mark key="'" line="260" column="32" />
      </file>
      <file name="$USER_HOME$/repos2/treehouse/projects/arborist/service/src/test/kotlin/com/airbnb/arborist/service/resources/ConfigurationResourceTest.kt" timestamp="1541527105328">
        <mark key="'" line="48" column="39" />
      </file>
      <file name="$USER_HOME$/github/jduan/cosmos/kotlin_sandbox/src/test/kotlin/jduan/JacksonTest.kt" timestamp="1550184380408">
        <mark key="'" line="12" column="12" />
        <mark key="[" line="16" column="39" />
        <mark key="]" line="16" column="40" />
        <mark key="." line="16" column="40" />
        <mark key="^" line="16" column="40" />
      </file>
      <file name="$USER_HOME$/airlab/repos/treehouse/projects/arborist/service/src/main/resources/com/airbnb/arborist/service/views/single_flaky_test.ftl" timestamp="1553060252453">
        <mark key="'" line="12" column="12" />
      </file>
      <file name="$USER_HOME$/repos2/intellij-airbnb/build.gradle" timestamp="1543958959959">
        <mark key="'" line="33" column="4" />
      </file>
      <file name="$USER_HOME$/repos2/treehouse/projects/arborist/service/src/main/kotlin/com/airbnb/arborist/service/resources/SummaryResource.kt" timestamp="1544032157103">
        <mark key="'" line="47" column="14" />
      </file>
      <file name="$USER_HOME$/repos2/treehouse/projects/arborist/data-sources/gradle-enterprise/consumer/src/main/kotlin/com/airbnb/arborist/internal/FakeSslContext.kt" timestamp="1543428272500">
        <mark key="'" line="7" column="7" />
      </file>
      <file name="$USER_HOME$/airlab/repos/treehouse/projects/arborist/streaming/src/main/kotlin/com/airbnb/arborist/metrics/DatadogBuildMetricsTracker.kt" timestamp="1553201608830">
        <mark key="'" line="0" column="0" />
        <mark key="[" line="14" column="0" />
        <mark key="]" line="20" column="5" />
        <mark key="." line="9" column="11" />
        <mark key="^" line="9" column="11" />
      </file>
      <file name="$USER_HOME$/repos2/fullhouse/buildSrc/src/main/kotlin/com/airbnb/gradle/Workspace.kt" timestamp="1552935683832">
        <mark key="'" line="54" column="0" />
      </file>
      <file name="$APPLICATION_CONFIG_DIR$/idea.vmoptions" timestamp="1553874357346">
        <mark key="[" line="31" column="0" />
        <mark key="]" line="31" column="0" />
        <mark key="." line="31" column="0" />
      </file>
      <file name="$USER_HOME$/airlab/repos/treehouse/projects/arborist/streaming/src/main/kotlin/com/airbnb/arborist/cli/ArboristStreamingConsumerConfiguration.kt" timestamp="1553286952170">
        <mark key="'" line="12" column="51" />
        <mark key="[" line="4" column="57" />
        <mark key="]" line="4" column="72" />
        <mark key="." line="4" column="72" />
        <mark key="^" line="4" column="72" />
      </file>
      <file name="$USER_HOME$/airlab/repos/treehouse/projects/arborist/streaming/src/main/kotlin/com/airbnb/arborist/metrics/RedisTestMetricsTracker.kt" timestamp="1553125092423">
        <mark key="'" line="0" column="0" />
      </file>
      <file name="$USER_HOME$/.kscript/kscript_tmp_project__CI.kts_1542735462284/src/Command.kt" timestamp="1543365521507">
        <mark key="'" line="102" column="0" />
      </file>
      <file name="$USER_HOME$/airlab/repos/treehouse/projects/arborist/actor/src/main/kotlin/com/airbnb/arborist/internal/TestStateManager.kt" timestamp="1551940155166">
        <mark key="'" line="82" column="17" />
      </file>
      <file name="$USER_HOME$/.gradle/caches/modules-2/files-2.1/org.jetbrains.kotlinx/kotlinx-coroutines-core-common/0.26.0/50618bd3a240992393cecfd954b0ec4100761c7f/kotlinx-coroutines-core-common-0.26.0-sources.jar!/Job.kt" timestamp="1552170823899">
        <mark key="'" line="42" column="1" />
      </file>
      <file name="$USER_HOME$/airlab/repos/treehouse/projects/arborist/common/src/test/kotlin/com/airbnb/arborist/internal/TestFinderTest.kt" timestamp="1553058736665">
        <mark key="'" line="35" column="19" />
        <mark key="[" line="33" column="76" />
        <mark key="]" line="33" column="76" />
        <mark key="." line="33" column="76" />
        <mark key="^" line="33" column="76" />
      </file>
      <file name="$USER_HOME$/.gradle/caches/modules-2/files-2.1/com.jetbrains.intellij.idea/ideaIC/183.3795.13/1f5f89e9e2a12621ff3bbeb9a5ec58e92822a31b/ideaIC-183.3795.13-sources.jar!/com/intellij/openapi/externalSystem/util/ExternalSystemApiUtil.java" timestamp="1542661718611">
        <mark key="'" line="330" column="95" />
      </file>
      <file name="$USER_HOME$/airlab/repos/treehouse/projects/arborist/data-sources/gradle-enterprise/consumer/src/main/kotlin/com/airbnb/di/logging/jitney/ArboristJitneyLoggerFactory.kt" timestamp="1552681698093">
        <mark key="'" line="26" column="0" />
        <mark key="[" line="14" column="57" />
        <mark key="]" line="14" column="57" />
        <mark key="." line="14" column="57" />
        <mark key="^" line="14" column="64" />
      </file>
      <file name="$USER_HOME$/airlab/repos/treehouse/projects/arborist/data-sources/gradle-enterprise/consumer/src/main/kotlin/com/airbnb/arborist/datasource/gradle/event/TaskStartedEvent.kt" timestamp="1549063516202">
        <mark key="'" line="7" column="0" />
        <mark key="[" line="12" column="26" />
        <mark key="]" line="12" column="28" />
        <mark key="." line="12" column="28" />
        <mark key="^" line="12" column="28" />
      </file>
      <file name="$USER_HOME$/airlab/repos/fullhouse/buildSrc/src/main/java/com/airbnb/tasktracking/TaskTrackingListener.java" timestamp="1542753216778">
        <mark key="'" line="26" column="58" />
      </file>
      <file name="$USER_HOME$/.gradle/caches/modules-2/files-2.1/org.jetbrains.kotlin/kotlin-stdlib-common/1.3.0/8bee30ce9d075088b3d590488a270e2c3ea39b3a/kotlin-stdlib-common-1.3.0-sources.jar!/kotlin/TextH.kt" timestamp="1543471643990">
        <mark key="'" line="182" column="24" />
      </file>
      <file name="$USER_HOME$/airlab/repos/treehouse/projects/omnes/omnes-clients/src/main/java/com/airbnb/omnes/consumer/config/ConsumerPoolConfig.java" timestamp="1552510898645">
        <mark key="'" line="15" column="19" />
      </file>
      <file name="$USER_HOME$/airlab/repos/treehouse/projects/arborist/data-sources/gradle-enterprise/consumer/src/main/kotlin/com/airbnb/arborist/metrics/DatadogJitneyMetricsTracker.kt" timestamp="1553201585522">
        <mark key="'" line="13" column="45" />
        <mark key="[" line="20" column="0" />
        <mark key="]" line="20" column="87" />
        <mark key="^" line="9" column="11" />
        <mark key="." line="9" column="11" />
      </file>
      <file name="$USER_HOME$/.kscript/kscript_tmp_project__CITest.kts_1552541228667/src/RetryInterceptor.kt" timestamp="1552628043229">
        <mark key="'" line="11" column="42" />
      </file>
      <file name="$USER_HOME$/.gradle/caches/modules-2/files-2.1/org.jetbrains.kotlinx/kotlinx-coroutines-core-common/0.26.0/50618bd3a240992393cecfd954b0ec4100761c7f/kotlinx-coroutines-core-common-0.26.0-sources.jar!/Builders.common.kt" timestamp="1547495817113">
        <mark key="'" line="42" column="26" />
      </file>
      <file name="$USER_HOME$/.kscript/kscript_tmp_project__CITest.kts_1547618586275/src/Treehouse.kt" timestamp="1552541060895">
        <mark key="'" line="55" column="12" />
      </file>
      <file name="$USER_HOME$/repos2/treehouse/projects/arborist/streaming/src/main/kotlin/com/airbnb/arborist/internal/BuildAvailableEventMessageHandler.kt" timestamp="1544037273409">
        <mark key="'" line="17" column="32" />
      </file>
      <file name="$USER_HOME$/repos2/treehouse/projects/arborist/data-sources/gradle-enterprise/consumer/src/main/kotlin/com/airbnb/arborist/cli/EventConsumer.kt" timestamp="1544117989068">
        <mark key="'" line="30" column="6" />
      </file>
      <file name="$USER_HOME$/.gradle/caches/modules-2/files-2.1/org.jetbrains.kotlin/kotlin-stdlib/1.2.61/5146b44c50f5e853d6d77150089b6281d72fe736/kotlin-stdlib-1.2.61-sources.jar!/kotlin/text/StringsJVM.kt" timestamp="1553058780647">
        <mark key="'" line="168" column="11" />
      </file>
      <file name="$USER_HOME$/repos2/treehouse/projects/arborist/common/src/main/kotlin/com/airbnb/arborist/internal/StatisticsPrinter.kt" timestamp="1544056389959">
        <mark key="'" line="16" column="39" />
      </file>
      <file name="$USER_HOME$/airlab/repos/treehouse/projects/arborist/service/src/main/kotlin/com/airbnb/arborist/service/views/FindTestResultsView.kt" timestamp="1551827977419">
        <mark key="'" line="9" column="81" />
        <mark key="[" line="8" column="50" />
        <mark key="]" line="9" column="82" />
        <mark key="^" line="9" column="82" />
        <mark key="." line="9" column="82" />
      </file>
    </filemarks>
    <jumps>
      <jump line="38" column="27" filename="$USER_HOME$/airlab/repos/treehouse/projects/arborist/common/src/main/kotlin/com/airbnb/arborist/metrics/DatadogClient.kt" />
      <jump line="44" column="49" filename="$USER_HOME$/airlab/repos/treehouse/projects/arborist/common/src/main/kotlin/com/airbnb/arborist/metrics/DatadogClient.kt" />
      <jump line="147" column="83" filename="$USER_HOME$/airlab/repos/treehouse/projects/arborist/data-sources/gradle-enterprise/consumer/src/main/kotlin/com/airbnb/arborist/datasource/gradle/BuildScanEventStream.kt" />
      <jump line="142" column="12" filename="$USER_HOME$/airlab/repos/treehouse/projects/arborist/data-sources/gradle-enterprise/consumer/src/main/kotlin/com/airbnb/arborist/datasource/gradle/BuildScanEventStream.kt" />
      <jump line="41" column="46" filename="$USER_HOME$/airlab/repos/treehouse/projects/arborist/common/src/main/kotlin/com/airbnb/arborist/metrics/DatadogClient.kt" />
      <jump line="42" column="45" filename="$USER_HOME$/airlab/repos/treehouse/projects/arborist/common/src/main/kotlin/com/airbnb/arborist/metrics/DatadogClient.kt" />
      <jump line="48" column="44" filename="$USER_HOME$/airlab/repos/treehouse/projects/arborist/common/src/main/kotlin/com/airbnb/arborist/metrics/DatadogClient.kt" />
      <jump line="49" column="45" filename="$USER_HOME$/airlab/repos/treehouse/projects/arborist/common/src/main/kotlin/com/airbnb/arborist/metrics/DatadogClient.kt" />
      <jump line="75" column="18" filename="$USER_HOME$/airlab/repos/treehouse/projects/arborist/common/src/main/kotlin/com/airbnb/arborist/metrics/DatadogClient.kt" />
      <jump line="0" column="0" filename="$USER_HOME$/airlab/repos/treehouse/projects/arborist/common/src/main/kotlin/com/airbnb/arborist/metrics/DatadogClient.kt" />
      <jump line="50" column="4" filename="$USER_HOME$/airlab/repos/treehouse/projects/arborist/common/src/main/kotlin/com/airbnb/arborist/metrics/DatadogClient.kt" />
      <jump line="74" column="39" filename="$USER_HOME$/airlab/repos/treehouse/projects/arborist/actor/src/main/kotlin/com/airbnb/arborist/internal/CodeOwners.kt" />
      <jump line="68" column="29" filename="$USER_HOME$/airlab/repos/treehouse/projects/arborist/actor/src/main/kotlin/com/airbnb/arborist/internal/CodeOwners.kt" />
      <jump line="0" column="0" filename="$USER_HOME$/airlab/repos/treehouse/projects/arborist/streaming/src/main/kotlin/com/airbnb/arborist/metrics/RedisTestMetricsTracker.kt" />
      <jump line="13" column="40" filename="$USER_HOME$/airlab/repos/treehouse/projects/arborist/common/src/main/kotlin/com/airbnb/arborist/internal/TestFinder.kt" />
      <jump line="71" column="6" filename="$USER_HOME$/airlab/repos/treehouse/projects/arborist/streaming/src/main/kotlin/com/airbnb/arborist/cli/ArboristStreamingApp.kt" />
      <jump line="62" column="19" filename="$USER_HOME$/airlab/repos/treehouse/projects/arborist/streaming/src/main/kotlin/com/airbnb/arborist/cli/ArboristStreamingApp.kt" />
      <jump line="0" column="19" filename="$USER_HOME$/airlab/repos/treehouse/projects/arborist/streaming/src/main/kotlin/com/airbnb/arborist/cli/ArboristStreamingApp.kt" />
      <jump line="2" column="18" filename="$USER_HOME$/airlab/repos/treehouse/projects/arborist/streaming/src/main/kotlin/com/airbnb/arborist/cli/ArboristStreamingApp.kt" />
      <jump line="4" column="36" filename="$USER_HOME$/airlab/repos/treehouse/projects/arborist/streaming/src/main/kotlin/com/airbnb/arborist/cli/ArboristStreamingApp.kt" />
      <jump line="17" column="23" filename="$USER_HOME$/airlab/repos/treehouse/projects/arborist/streaming/src/main/kotlin/com/airbnb/arborist/cli/ArboristStreamingApp.kt" />
      <jump line="55" column="6" filename="$USER_HOME$/airlab/repos/treehouse/projects/arborist/streaming/src/main/kotlin/com/airbnb/arborist/cli/ArboristStreamingApp.kt" />
      <jump line="35" column="21" filename="$USER_HOME$/airlab/repos/treehouse/projects/arborist/streaming/src/main/kotlin/com/airbnb/arborist/cli/ArboristStreamingApp.kt" />
      <jump line="36" column="26" filename="$USER_HOME$/airlab/repos/treehouse/projects/arborist/streaming/src/main/kotlin/com/airbnb/arborist/cli/ArboristStreamingApp.kt" />
      <jump line="27" column="29" filename="$USER_HOME$/airlab/repos/treehouse/projects/arborist/streaming/src/main/kotlin/com/airbnb/arborist/cli/ArboristStreamingConsumerConfiguration.kt" />
      <jump line="25" column="19" filename="$USER_HOME$/airlab/repos/treehouse/projects/arborist/streaming/src/main/kotlin/com/airbnb/arborist/cli/ArboristStreamingApp.kt" />
      <jump line="29" column="8" filename="$USER_HOME$/airlab/repos/treehouse/common/security/bagpiper/bagpiper-core/src/main/java/com/airbnb/bagpiper/apps/BagpiperApps.java" />
      <jump line="36" column="42" filename="$USER_HOME$/airlab/repos/treehouse/common/security/bagpiper/bagpiper-core/src/main/java/com/airbnb/bagpiper/apps/BagpiperApps.java" />
      <jump line="48" column="12" filename="$USER_HOME$/airlab/repos/treehouse/common/security/bagpiper/bagpiper-core/src/main/java/com/airbnb/bagpiper/apps/BagpiperApps.java" />
      <jump line="49" column="12" filename="$USER_HOME$/airlab/repos/treehouse/common/security/bagpiper/bagpiper-core/src/main/java/com/airbnb/bagpiper/apps/BagpiperApps.java" />
      <jump line="26" column="28" filename="$USER_HOME$/airlab/repos/treehouse/common/security/bagpiper/bagpiper-core/src/main/java/com/airbnb/bagpiper/reflect/AnnotatedObjectProcessor.java" />
      <jump line="27" column="38" filename="$USER_HOME$/airlab/repos/treehouse/common/security/bagpiper/bagpiper-core/src/main/java/com/airbnb/bagpiper/reflect/AnnotatedObjectProcessor.java" />
      <jump line="47" column="42" filename="$USER_HOME$/airlab/repos/treehouse/common/security/bagpiper/bagpiper-core/src/main/java/com/airbnb/bagpiper/reflect/AnnotatedObjectProcessor.java" />
      <jump line="24" column="30" filename="$USER_HOME$/airlab/repos/treehouse/projects/arborist/streaming/src/main/kotlin/com/airbnb/arborist/internal/ModulesProvider.kt" />
      <jump line="52" column="44" filename="$USER_HOME$/airlab/repos/treehouse/projects/arborist/streaming/src/main/kotlin/com/airbnb/arborist/internal/ModulesProvider.kt" />
      <jump line="54" column="63" filename="$USER_HOME$/airlab/repos/treehouse/projects/arborist/streaming/src/main/kotlin/com/airbnb/arborist/internal/ModulesProvider.kt" />
      <jump line="55" column="48" filename="$USER_HOME$/airlab/repos/treehouse/projects/arborist/streaming/src/main/kotlin/com/airbnb/arborist/internal/ModulesProvider.kt" />
      <jump line="56" column="6" filename="$USER_HOME$/airlab/repos/treehouse/projects/arborist/streaming/src/main/kotlin/com/airbnb/arborist/internal/ModulesProvider.kt" />
      <jump line="60" column="28" filename="$USER_HOME$/airlab/repos/treehouse/projects/arborist/data-sources/gradle-enterprise/consumer/src/main/kotlin/com/airbnb/arborist/internal/ModulesProvider.kt" />
      <jump line="56" column="23" filename="$USER_HOME$/airlab/repos/treehouse/projects/arborist/data-sources/gradle-enterprise/consumer/src/main/kotlin/com/airbnb/arborist/cli/ArboristGradleEnterpriseConsumerApp.kt" />
      <jump line="83" column="4" filename="$USER_HOME$/airlab/repos/treehouse/projects/arborist/data-sources/gradle-enterprise/consumer/src/main/kotlin/com/airbnb/arborist/cli/ArboristGradleEnterpriseConsumerApp.kt" />
      <jump line="35" column="40" filename="$USER_HOME$/repos2/fullhouse/buildSrc/src/test/kotlin/com/airbnb/gradle/TreehousePluginIntegrationTest.kt" />
      <jump line="62" column="43" filename="$USER_HOME$/airlab/repos/treehouse/projects/arborist/streaming/src/main/kotlin/com/airbnb/arborist/internal/ModulesProvider.kt" />
      <jump line="30" column="6" filename="$USER_HOME$/airlab/repos/treehouse/projects/arborist/data-sources/gradle-enterprise/consumer/src/main/kotlin/com/airbnb/arborist/internal/ModulesProvider.kt" />
      <jump line="75" column="0" filename="$USER_HOME$/airlab/repos/treehouse/projects/arborist/data-sources/gradle-enterprise/consumer/src/main/kotlin/com/airbnb/arborist/internal/ModulesProvider.kt" />
      <jump line="34" column="81" filename="$USER_HOME$/airlab/repos/treehouse/projects/arborist/streaming/src/main/kotlin/com/airbnb/arborist/cli/ArboristStreamingApp.kt" />
      <jump line="0" column="0" filename="$USER_HOME$/airlab/repos/treehouse/projects/arborist/streaming/src/main/kotlin/com/airbnb/arborist/metrics/DatadogBuildMetricsTracker.kt" />
      <jump line="33" column="38" filename="$USER_HOME$/airlab/repos/treehouse/projects/arborist/streaming/src/main/kotlin/com/airbnb/arborist/internal/ModulesProvider.kt" />
      <jump line="44" column="48" filename="$USER_HOME$/airlab/repos/treehouse/projects/arborist/streaming/src/main/kotlin/com/airbnb/arborist/internal/ModulesProvider.kt" />
      <jump line="82" column="4" filename="$USER_HOME$/airlab/repos/treehouse/projects/arborist/streaming/src/main/kotlin/com/airbnb/arborist/internal/ModulesProvider.kt" />
      <jump line="80" column="6" filename="$USER_HOME$/airlab/repos/treehouse/projects/arborist/streaming/src/main/kotlin/com/airbnb/arborist/internal/ModulesProvider.kt" />
      <jump line="78" column="4" filename="$USER_HOME$/airlab/repos/treehouse/projects/arborist/streaming/src/main/kotlin/com/airbnb/arborist/internal/ModulesProvider.kt" />
      <jump line="26" column="0" filename="$USER_HOME$/airlab/repos/treehouse/projects/arborist/streaming/src/main/kotlin/com/airbnb/arborist/cli/ArboristStreamingConsumerConfiguration.kt" />
      <jump line="66" column="62" filename="$USER_HOME$/airlab/repos/treehouse/projects/arborist/streaming/src/main/kotlin/com/airbnb/arborist/cli/ArboristStreamingApp.kt" />
      <jump line="22" column="29" filename="$USER_HOME$/airlab/repos/treehouse/projects/arborist/streaming/src/main/kotlin/com/airbnb/arborist/cli/ArboristStreamingApp.kt" />
      <jump line="69" column="4" filename="$USER_HOME$/airlab/repos/treehouse/projects/arborist/streaming/src/main/kotlin/com/airbnb/arborist/cli/ArboristStreamingApp.kt" />
      <jump line="77" column="29" filename="$USER_HOME$/airlab/repos/treehouse/projects/arborist/streaming/src/main/kotlin/com/airbnb/arborist/cli/ArboristStreamingApp.kt" />
      <jump line="20" column="6" filename="$USER_HOME$/airlab/repos/treehouse/projects/arborist/streaming/src/main/kotlin/com/airbnb/arborist/cli/ArboristStreamingApp.kt" />
      <jump line="28" column="66" filename="$USER_HOME$/airlab/repos/treehouse/common/security/bagpiper/bagpiper-core/src/main/java/com/airbnb/bagpiper/apps/BagpiperApps.java" />
      <jump line="12" column="51" filename="$USER_HOME$/airlab/repos/treehouse/projects/arborist/streaming/src/main/kotlin/com/airbnb/arborist/cli/ArboristStreamingConsumerConfiguration.kt" />
      <jump line="26" column="6" filename="$USER_HOME$/airlab/repos/treehouse/projects/arborist/data-sources/gradle-enterprise/consumer/src/main/kotlin/com/airbnb/arborist/internal/ModulesProvider.kt" />
      <jump line="87" column="57" filename="$USER_HOME$/airlab/repos/treehouse/projects/arborist/data-sources/gradle-enterprise/consumer/src/main/kotlin/com/airbnb/arborist/cli/ArboristGradleEnterpriseConsumerApp.kt" />
      <jump line="57" column="6" filename="$USER_HOME$/airlab/repos/treehouse/projects/arborist/data-sources/gradle-enterprise/consumer/src/main/kotlin/com/airbnb/arborist/datasource/gradle/BuildScanEventStream.kt" />
      <jump line="0" column="0" filename="$USER_HOME$/airlab/repos/treehouse/projects/arborist/common/src/main/kotlin/com/airbnb/arborist/S3FileStore.kt" />
      <jump line="21" column="54" filename="$USER_HOME$/airlab/repos/treehouse/projects/arborist/streaming/src/main/kotlin/com/airbnb/arborist/internal/BuildAvailableEventMessageHandler.kt" />
      <jump line="28" column="10" filename="$USER_HOME$/airlab/repos/treehouse/projects/arborist/streaming/src/main/kotlin/com/airbnb/arborist/internal/BuildAvailableEventMessageHandler.kt" />
      <jump line="16" column="0" filename="$USER_HOME$/airlab/repos/treehouse/projects/arborist/streaming/src/main/kotlin/com/airbnb/arborist/internal/BuildAvailableEventMessageHandler.kt" />
      <jump line="18" column="30" filename="$USER_HOME$/airlab/repos/treehouse/projects/arborist/streaming/src/main/kotlin/com/airbnb/arborist/internal/S3BackedJitneyConsumer.kt" />
      <jump line="39" column="22" filename="$USER_HOME$/airlab/repos/treehouse/projects/arborist/data-sources/gradle-enterprise/consumer/src/main/kotlin/com/airbnb/arborist/internal/ModulesProvider.kt" />
      <jump line="27" column="47" filename="$USER_HOME$/airlab/repos/treehouse/projects/arborist/streaming/src/main/kotlin/com/airbnb/arborist/internal/BuildAvailableEventMessageHandler.kt" />
      <jump line="10" column="39" filename="$USER_HOME$/airlab/repos/treehouse/projects/arborist/streaming/src/main/kotlin/com/airbnb/arborist/internal/BuildsConsumedRegistry.kt" />
      <jump line="6" column="27" filename="$USER_HOME$/airlab/repos/treehouse/projects/arborist/common/src/main/kotlin/com/airbnb/arborist/internal/BuildsConsumedTracker.kt" />
      <jump line="13" column="27" filename="$USER_HOME$/airlab/repos/treehouse/projects/arborist/common/src/main/kotlin/com/airbnb/arborist/internal/BuildTracker.kt" />
      <jump line="43" column="26" filename="$USER_HOME$/airlab/repos/treehouse/projects/arborist/streaming/src/main/kotlin/com/airbnb/arborist/internal/BuildAvailableEventMessageHandler.kt" />
      <jump line="30" column="0" filename="$USER_HOME$/airlab/repos/treehouse/projects/arborist/service/src/main/kotlin/com/airbnb/arborist/service/resources/EnableDisableTestResource.kt" />
      <jump line="0" column="0" filename="$USER_HOME$/airlab/repos/treehouse/projects/arborist/data-sources/gradle-enterprise/consumer/src/main/kotlin/com/airbnb/arborist/datasource/gradle/jitney/S3BackedJitneyPublisher.kt" />
      <jump line="20" column="26" filename="$USER_HOME$/airlab/repos/treehouse/projects/arborist/streaming/src/test/kotlin/com/airbnb/arborist/internal/BuildsDataCollectorTest.kt" />
      <jump line="21" column="44" filename="$USER_HOME$/airlab/repos/treehouse/projects/arborist/streaming/src/test/kotlin/com/airbnb/arborist/internal/BuildsDataCollectorTest.kt" />
      <jump line="18" column="19" filename="$USER_HOME$/airlab/repos/treehouse/projects/arborist/streaming/src/test/kotlin/com/airbnb/arborist/internal/BuildsConsumedRegistryTest.kt" />
      <jump line="0" column="0" filename="$USER_HOME$/repos2/fullhouse/projects/arborist/streaming/src/main/kotlin/com/airbnb/arborist/cli/ArboristStreamingConsumerConfiguration.kt" />
      <jump line="40" column="19" filename="$USER_HOME$/repos2/fullhouse/projects/arborist/streaming/src/main/kotlin/com/airbnb/arborist/cli/ArboristStreamingApp.kt" />
      <jump line="0" column="0" filename="$USER_HOME$/repos2/fullhouse/projects/arborist/streaming/src/main/kotlin/com/airbnb/arborist/cli/ArboristStreamingApp.kt" />
      <jump line="25" column="9" filename="$USER_HOME$/repos2/fullhouse/projects/arborist/streaming/src/main/kotlin/com/airbnb/arborist/cli/ArboristStreamingApp.kt" />
      <jump line="2" column="27" filename="$USER_HOME$/repos2/fullhouse/projects/arborist/streaming/src/main/kotlin/com/airbnb/arborist/cli/ArboristStreamingApp.kt" />
      <jump line="0" column="0" filename="$USER_HOME$/airlab/repos/treehouse/projects/arborist/streaming/src/main/kotlin/com/airbnb/arborist/internal/BuildAvailableEventMessageHandler.kt" />
      <jump line="0" column="0" filename="$USER_HOME$/airlab/repos/treehouse/projects/arborist/streaming/src/main/kotlin/com/airbnb/arborist/internal/ModulesProvider.kt" />
      <jump line="85" column="0" filename="$USER_HOME$/airlab/repos/treehouse/projects/arborist/streaming/src/main/kotlin/com/airbnb/arborist/internal/ModulesProvider.kt" />
      <jump line="0" column="0" filename="$USER_HOME$/airlab/repos/treehouse/projects/arborist/service/src/main/kotlin/com/airbnb/arborist/service/internal/ModulesProvider.kt" />
      <jump line="53" column="0" filename="$USER_HOME$/airlab/repos/treehouse/projects/arborist/service/src/main/kotlin/com/airbnb/arborist/service/internal/ModulesProvider.kt" />
      <jump line="0" column="0" filename="$USER_HOME$/airlab/repos/treehouse/projects/arborist/data-sources/gradle-enterprise/consumer/src/main/kotlin/com/airbnb/arborist/internal/ModulesProvider.kt" />
      <jump line="82" column="38" filename="$USER_HOME$/airlab/repos/treehouse/projects/wormhole/common/src/main/java/com/airbnb/services/smartclient/config/ApiClientConfig.java" />
      <jump line="24" column="49" filename="$USER_HOME$/airlab/repos/treehouse/projects/arborist/service/src/test/kotlin/com/airbnb/arborist/BuildsCSVExporterTest.kt" />
      <jump line="47" column="32" filename="$USER_HOME$/airlab/repos/treehouse/common/dropwizard1.0/src/main/java/com/airbnb/common/dropwizard/config/ServiceApiErrorExceptionMapper.java" />
      <jump line="3" column="38" filename="$USER_HOME$/airlab/repos/treehouse/common/dropwizard1.0/src/main/java/com/airbnb/common/dropwizard/config/ServiceApiErrorExceptionMapper.java" />
      <jump line="17" column="75" filename="$USER_HOME$/airlab/repos/treehouse/common/dropwizard1.0/src/main/java/com/airbnb/common/dropwizard/config/ServiceApiErrorExceptionMapper.java" />
      <jump line="20" column="29" filename="$USER_HOME$/airlab/repos/treehouse/common/dropwizard1.0/src/main/java/com/airbnb/common/dropwizard/config/ServiceApiErrorExceptionMapper.java" />
      <jump line="83" column="11" filename="$USER_HOME$/.gradle/caches/modules-2/files-2.1/com.amazonaws/aws-java-sdk-core/1.10.77/9fb6c9148402d1a08ed351adb456b488ad8c0be0/aws-java-sdk-core-1.10.77-sources.jar!/com/amazonaws/auth/InstanceProfileCredentialsProvider.java" />
      <jump line="96" column="11" filename="$USER_HOME$/.gradle/caches/modules-2/files-2.1/com.amazonaws/aws-java-sdk-core/1.10.77/9fb6c9148402d1a08ed351adb456b488ad8c0be0/aws-java-sdk-core-1.10.77-sources.jar!/com/amazonaws/auth/InstanceProfileCredentialsProvider.java" />
      <jump line="36" column="13" filename="$USER_HOME$/.gradle/caches/modules-2/files-2.1/com.amazonaws/aws-java-sdk-core/1.10.77/9fb6c9148402d1a08ed351adb456b488ad8c0be0/aws-java-sdk-core-1.10.77-sources.jar!/com/amazonaws/auth/InstanceProfileCredentialsProvider.java" />
      <jump line="38" column="53" filename="$USER_HOME$/.gradle/caches/modules-2/files-2.1/com.amazonaws/aws-java-sdk-core/1.10.77/9fb6c9148402d1a08ed351adb456b488ad8c0be0/aws-java-sdk-core-1.10.77-sources.jar!/com/amazonaws/auth/InstanceProfileCredentialsProvider.java" />
    </jumps>
    <registers>
      <register name="&quot;" type="2">
        <text encoding="base64">ICAgIHByaW50bG4obWl4KENvbG9yLkJMVUUsIENvbG9yLllFTExPVykpCiAgICBwcmludGxuKGV2YWwoU3VtKE51bSgxKSwgTnVtKDIpKSkpCiAgICBwcmludGxuKGV2YWwyKFN1bShOdW0oMSksIE51bSgyKSkpKQogICAgdGVzdExvb3BzKCkK</text>
      </register>
      <register name="-" type="4">
        <text>0</text>
      </register>
      <register name="/" type="4">
        <text encoding="base64">XDxJbnN0YW5jZVByb2ZpbGVDcmVkZW50aWFsc1Byb3ZpZGVyXD4=</text>
      </register>
      <register name="0" type="2">
        <text encoding="base64">ICAgICAgICAgICAgImNvbS5haXJibmIucHJvamVjdC5jbGFzc25hbWUxXyR7S0VZX1RSRUVIT1VTRV9URVNUX1JVTlNfUFJFRklYfSN0ZXN0bmFtZTQiLAo=</text>
      </register>
      <register name="1" type="2">
        <text encoding="base64">ICAgICAgdHJhY2tDb25zdW1lZERlbGF5KGJ1aWxkKQo=</text>
      </register>
      <register name="2" type="2">
        <text encoding="base64">Cg==</text>
      </register>
      <register name="3" type="2">
        <text encoding="base64">ICAgIGxvZ2dlci5maW5lKCJidWlsZCBzY2FuOiAkYnVpbGQiKQo=</text>
      </register>
      <register name="4" type="2">
        <text encoding="base64">Cg==</text>
      </register>
      <register name="5" type="2">
        <text encoding="base64">ICAgIAo=</text>
      </register>
      <register name="6" type="2">
        <text encoding="base64">ICAgIC8vIFRPRE86IGZpZ3VyZSBvdXQgaG93IHRvIG1ha2UgImdyYWRsZS5zeW5hcHNlIiB3b3JrIGluIGs4cy4K</text>
      </register>
      <register name="7" type="2">
        <text encoding="base64">ICAgICAgICAgIHRlc3QucmVwbGFjZUZpcnN0KCJeJHtLRVlfVFJFRUhPVVNFX1RFU1RfUlVOU19QUkVGSVh9XyIsICIiKQo=</text>
      </register>
      <register name="8" type="2">
        <text encoding="base64">ICAgICAgICByZWFzb24gPSAiZ2l0X2JsYW1lX2lzc3VlIgo=</text>
      </register>
      <register name="9" type="2">
        <text encoding="base64">Cg==</text>
      </register>
      <register name=":" type="4">
        <text>nohlsearch</text>
      </register>
    </registers>
    <search>
      <last-search encoding="base64">XDxJbnN0YW5jZVByb2ZpbGVDcmVkZW50aWFsc1Byb3ZpZGVyXD4=</last-search>
      <last-offset />
      <last-pattern encoding="base64">XDxJbnN0YW5jZVByb2ZpbGVDcmVkZW50aWFsc1Byb3ZpZGVyXD4=</last-pattern>
      <last-replace>'</last-replace>
      <last-substitute encoding="base64">XDxwdWJsaXNoQ2FsbGJhY2tcPg==</last-substitute>
      <last-dir>1</last-dir>
      <show-last>true</show-last>
    </search>
    <history>
      <history-search>
        <entry>pri</entry>
        <entry encoding="base64">XDxjb25maWd1cmF0aW9uXD4=</entry>
        <entry>fullbuild</entry>
        <entry>readfile</entry>
        <entry>read</entry>
        <entry>todo</entry>
        <entry>already</entry>
        <entry>class</entry>
        <entry>build</entry>
        <entry>seen</entry>
        <entry encoding="base64">XDxSZWRpc01ldHJpY3NUcmFja2VyXD4=</entry>
        <entry encoding="base64">XDxCdWlsZHNEYXRhQ29sbGVjdG9yXD4=</entry>
        <entry encoding="base64">XDxDb21wb3NpdGVCdWlsZE1ldHJpY3NUcmFja2VyXD4=</entry>
        <entry encoding="base64">XDxCdWlsZHNDb25zdW1lZFJlZ2lzdHJ5XD4=</entry>
        <entry>modulespro</entry>
        <entry encoding="base64">XDxBcmJvcmlzdEVudmlyb25tZW50XD4=</entry>
        <entry encoding="base64">XDxzZXRBcHBseUpldHR5Q29ubmVjdGlvblBhdGNoXD4=</entry>
        <entry encoding="base64">XDxhcHBseUpldHR5Q29ubmVjdGlvblBhdGNoXD4=</entry>
        <entry>serviceapi</entry>
        <entry encoding="base64">XDxJbnN0YW5jZVByb2ZpbGVDcmVkZW50aWFsc1Byb3ZpZGVyXD4=</entry>
      </history-search>
      <history-cmd>
        <entry encoding="base64">JzwsJz5zb3J0</entry>
        <entry encoding="base64">JzwsJz5zLyIvJy9n</entry>
        <entry>nohlsearch</entry>
      </history-cmd>
      <history-expr />
      <history-input />
    </history>
    <shortcut-conflicts>
      <shortcut-conflict owner="vim">
        <text>ctrl pressed B</text>
      </shortcut-conflict>
      <shortcut-conflict owner="vim">
        <text>ctrl pressed A</text>
      </shortcut-conflict>
      <shortcut-conflict owner="vim">
        <text>ctrl pressed F</text>
      </shortcut-conflict>
      <shortcut-conflict owner="vim">
        <text>ctrl pressed R</text>
      </shortcut-conflict>
      <shortcut-conflict owner="ide">
        <text>ctrl pressed E</text>
      </shortcut-conflict>
      <shortcut-conflict owner="vim">
        <text>shift ctrl pressed 6</text>
      </shortcut-conflict>
      <shortcut-conflict owner="vim">
        <text>ctrl pressed H</text>
      </shortcut-conflict>
      <shortcut-conflict owner="vim">
        <text>ctrl pressed V</text>
      </shortcut-conflict>
      <shortcut-conflict owner="ide">
        <text>ctrl pressed P</text>
      </shortcut-conflict>
      <shortcut-conflict owner="vim">
        <text>ctrl pressed N</text>
      </shortcut-conflict>
    </shortcut-conflicts>
    <editor>
      <key-repeat enabled="true" />
    </editor>
  </component>
</application>