<profile version="1.0">
  <option name="myName" value="Default" />
  <inspection_tool class="PyPackageRequirementsInspection" enabled="true" level="WARNING" enabled_by_default="true">
    <option name="ignoredPackages">
      <value>
        <list size="10">
          <item index="0" class="java.lang.String" itemvalue="pyyaml" />
          <item index="1" class="java.lang.String" itemvalue="slack_sdk" />
          <item index="2" class="java.lang.String" itemvalue="pytest" />
          <item index="3" class="java.lang.String" itemvalue="codeowners" />
          <item index="4" class="java.lang.String" itemvalue="tabulate" />
          <item index="5" class="java.lang.String" itemvalue="datadog" />
          <item index="6" class="java.lang.String" itemvalue="xmltodict" />
          <item index="7" class="java.lang.String" itemvalue="pygithub" />
          <item index="8" class="java.lang.String" itemvalue="requests" />
          <item index="9" class="java.lang.String" itemvalue="sqlparse" />
        </list>
      </value>
    </option>
  </inspection_tool>
  <inspection_tool class="PyPep8NamingInspection" enabled="true" level="WEAK WARNING" enabled_by_default="true">
    <option name="ignoredErrors">
      <list>
        <option value="N814" />
      </list>
    </option>
  </inspection_tool>
  <inspection_tool class="YAMLSchemaValidation" enabled="false" level="WARNING" enabled_by_default="false" />
</profile>