<application>
  <component name="CachedDictionaryState">
    <words>
      <w>backfill</w>
      <w>bayone</w>
      <w>cronjobs</w>
      <w>devboxes</w>
      <w>dirname</w>
      <w>highnote</w>
      <w>istio</w>
      <w>listcomp</w>
      <w>listcomp's</w>
      <w>prbox</w>
      <w>prboxes</w>
      <w>serviceaccount</w>
      <w>statefulsets</w>
      <w>subenv</w>
      <w>subpath</w>
      <w>suttonbank</w>
      <w>tfvars</w>
      <w>tshirts</w>
    </words>
  </component>
</application>