<application>
  <component name="VimEditorSettings">
    <editor />
  </component>
  <component name="VimHistorySettings">
    <history>
      <history-search>
        <entry>ass</entry>
        <entry>bool</entry>
        <entry>bfs</entry>
        <entry encoding="base64">XDx2aXNpdGVkXD4=</entry>
        <entry>i32</entry>
        <entry encoding="base64">XDx1c2l6ZVw+</entry>
        <entry>for</entry>
        <entry encoding="base64">XDxudW1cPg==</entry>
        <entry>hello</entry>
        <entry encoding="base64">XDxsZW5cPg==</entry>
        <entry>print</entry>
        <entry>78</entry>
        <entry>res</entry>
        <entry>404</entry>
        <entry>{}</entry>
        <entry>can</entry>
        <entry>ab</entry>
        <entry>3</entry>
        <entry>abc</entry>
        <entry>ace</entry>
      </history-search>
      <history-cmd>
        <entry>s/when//</entry>
        <entry encoding="base64">JzwsJz5zL3doZW4vLw==</entry>
        <entry encoding="base64">JzwsJz5zL3RoZW4vOi8=</entry>
        <entry encoding="base64">JzwsJz5zLyQvLC8=</entry>
        <entry encoding="base64">JzwsJz5zLygvKCcyMDE4LTAxLTAxJywgLw==</entry>
        <entry>action GotoDeclaration</entry>
        <entry>set nopaste</entry>
        <entry>set paste</entry>
        <entry encoding="base64">JzwsJz5zL0ltYWdlLy8=</entry>
        <entry encoding="base64">JzwsJz5zL215c3FsL3Bvc3RncmVzLw==</entry>
        <entry encoding="base64">JzwsJz5zb3J0</entry>
        <entry>set foldmethod</entry>
        <entry>mkview</entry>
        <entry encoding="base64">JzwsJz5hY3Rpb24gY29tLmFuZHJld2Jyb29raW5zLmlkZWEud3JhcC5XcmFwUGFyYWdyYXBoQWN0aW9u</entry>
        <entry>action com.andrewbrookins.idea.wrap.WrapParagraphAction</entry>
        <entry>w</entry>
        <entry>nohlsearch</entry>
      </history-cmd>
      <history-expr />
      <history-input />
    </history>
  </component>
  <component name="VimKeySettings">
    <shortcut-conflicts>
      <shortcut-conflict owner="vim">
        <text>ctrl pressed B</text>
      </shortcut-conflict>
      <shortcut-conflict owner="vim">
        <text>ctrl pressed F</text>
      </shortcut-conflict>
      <shortcut-conflict owner="vim">
        <text>ctrl pressed V</text>
      </shortcut-conflict>
      <shortcut-conflict owner="vim">
        <text>ctrl pressed R</text>
      </shortcut-conflict>
      <shortcut-conflict owner="ide">
        <text>ctrl pressed P</text>
      </shortcut-conflict>
      <shortcut-conflict owner="vim">
        <text>ctrl pressed E</text>
      </shortcut-conflict>
      <shortcut-conflict owner="vim">
        <text>ctrl pressed H</text>
      </shortcut-conflict>
      <shortcut-conflict owner="vim">
        <text>ctrl pressed A</text>
      </shortcut-conflict>
      <shortcut-conflict owner="vim">
        <text>ctrl pressed O</text>
      </shortcut-conflict>
    </shortcut-conflicts>
  </component>
  <component name="VimMarksSettings">
    <globalmarks />
    <filemarks>
      <file name="$USER_HOME$/repos2/ghe/ghe-data-export/src/file_writer.rs" timestamp="1587430526926">
        <mark key="'" line="159" column="33" />
        <mark key="[" line="159" column="54" />
        <mark key="]" line="159" column="54" />
        <mark key="." line="159" column="54" />
        <mark key="^" line="159" column="34" />
      </file>
      <file name="/Python Console" timestamp="1587790240053">
        <mark key="[" line="0" column="0" />
      </file>
      <file name="$USER_HOME$/github/jduan/cosmos/rust_sandbox/simple_http_server/hello.html" timestamp="1587884260331">
        <mark key="[" line="8" column="0" />
        <mark key="]" line="8" column="4" />
        <mark key="." line="8" column="4" />
        <mark key="^" line="8" column="16" />
      </file>
      <file name="$USER_HOME$/.rustup/toolchains/nightly-x86_64-apple-darwin/lib/rustlib/src/rust/src/libstd/io/mod.rs" timestamp="1587881612622">
        <mark key="'" line="567" column="7" />
      </file>
      <file name="$USER_HOME$/github/jduan/cosmos/rust_sandbox/leetcode_30_challenges/src/day22.rs" timestamp="1587621873877">
        <mark key="a" line="36" column="78" />
        <mark key="'" line="109" column="91" />
        <mark key="[" line="95" column="16" />
        <mark key="]" line="95" column="64" />
        <mark key="." line="95" column="63" />
        <mark key="^" line="95" column="64" />
      </file>
      <file name="$USER_HOME$/.rustup/toolchains/nightly-x86_64-apple-darwin/lib/rustlib/src/rust/src/libstd/collections/hash/map.rs" timestamp="1587617900797">
        <mark key="'" line="1315" column="57" />
      </file>
      <file name="$USER_HOME$/repos2/ghe/ghe-data-export/src/db.rs" timestamp="1587430558739">
        <mark key="'" line="70" column="39" />
        <mark key="[" line="68" column="17" />
        <mark key="]" line="68" column="24" />
        <mark key="^" line="68" column="24" />
        <mark key="." line="68" column="23" />
      </file>
      <file name="$USER_HOME$/github/jduan/cosmos/rust_sandbox/leetcode_30_challenges/src/day20.rs" timestamp="1587700049886">
        <mark key="a" line="90" column="38" />
        <mark key="'" line="57" column="0" />
        <mark key="[" line="99" column="0" />
        <mark key="]" line="114" column="1" />
        <mark key="." line="93" column="53" />
        <mark key="^" line="93" column="54" />
      </file>
      <file name="$USER_HOME$/github/jduan/cosmos/rust_sandbox/leetcode_30_challenges/src/day26.rs" timestamp="1587928815495">
        <mark key="'" line="55" column="52" />
        <mark key="[" line="34" column="76" />
        <mark key="]" line="55" column="72" />
        <mark key="." line="55" column="71" />
        <mark key="^" line="55" column="72" />
      </file>
      <file name="$USER_HOME$/github/jduan/cosmos/rust_sandbox/leetcode_30_challenges/src/main.rs" timestamp="1587928697432">
        <mark key="'" line="0" column="0" />
        <mark key="[" line="16" column="7" />
        <mark key="]" line="16" column="9" />
        <mark key="^" line="1" column="8" />
        <mark key="." line="16" column="9" />
      </file>
      <file name="$USER_HOME$/github/jduan/cosmos/rust_sandbox/leetcode_30_challenges/src/day24.py" timestamp="1587796468549">
        <mark key="a" line="73" column="17" />
        <mark key="'" line="18" column="14" />
        <mark key="[" line="18" column="15" />
        <mark key="]" line="24" column="48" />
        <mark key="." line="24" column="47" />
        <mark key="^" line="24" column="48" />
      </file>
      <file name="/Dummy.txt" timestamp="1587433431544">
        <mark key="[" line="0" column="0" />
      </file>
      <file name="$USER_HOME$/github/jduan/cosmos/rust_sandbox/rust_sandbox/src/main.rs" timestamp="1587838519051">
        <mark key="'" line="12" column="19" />
      </file>
      <file name="$USER_HOME$/github/jduan/cosmos/rust_sandbox/simple_http_server/src/main.rs" timestamp="1587884980171">
        <mark key="'" line="24" column="40" />
        <mark key="[" line="24" column="40" />
        <mark key="]" line="24" column="40" />
        <mark key="^" line="26" column="51" />
        <mark key="." line="24" column="40" />
      </file>
      <file name="$USER_HOME$/github/jduan/cosmos/rust_sandbox/leetcode_30_challenges/src/day21.rs" timestamp="1587483595092">
        <mark key="'" line="32" column="0" />
        <mark key="[" line="56" column="0" />
        <mark key="]" line="56" column="0" />
        <mark key="." line="56" column="0" />
        <mark key="^" line="4" column="1" />
      </file>
      <file name="$USER_HOME$/github/jduan/cosmos/rust_sandbox/simple_http_server/404.html" timestamp="1587884653843">
        <mark key="'" line="11" column="0" />
        <mark key="[" line="8" column="7" />
        <mark key="]" line="8" column="50" />
        <mark key="." line="8" column="49" />
        <mark key="^" line="8" column="50" />
      </file>
      <file name="$USER_HOME$/github/jduan/cosmos/rust_sandbox/leetcode_30_challenges/src/day23.rs" timestamp="1587838418839">
        <mark key="'" line="53" column="22" />
        <mark key="[" line="73" column="0" />
        <mark key="]" line="93" column="1" />
        <mark key="." line="34" column="4" />
        <mark key="^" line="62" column="19" />
      </file>
      <file name="$USER_HOME$/github/jduan/cosmos/rust_sandbox/leetcode_30_challenges/src/day25.rs" timestamp="1587879507595">
        <mark key="a" line="50" column="36" />
        <mark key="'" line="0" column="0" />
        <mark key="[" line="50" column="22" />
        <mark key="]" line="50" column="37" />
        <mark key="^" line="50" column="37" />
        <mark key="." line="50" column="36" />
      </file>
      <file name="$USER_HOME$/github/jduan/cosmos/rust_sandbox/leetcode_30_challenges/src/day21.py" timestamp="1587786787054">
        <mark key="a" line="32" column="9" />
        <mark key="'" line="113" column="4" />
        <mark key="[" line="64" column="23" />
        <mark key="]" line="64" column="24" />
        <mark key="." line="64" column="23" />
        <mark key="^" line="64" column="24" />
      </file>
      <file name="$USER_HOME$/github/jduan/cosmos/rust_sandbox/rust_sandbox/src/template.rs" timestamp="1587928680823">
        <mark key="'" line="8" column="0" />
        <mark key="[" line="15" column="12" />
        <mark key="]" line="15" column="20" />
        <mark key="." line="15" column="19" />
        <mark key="^" line="15" column="20" />
      </file>
    </filemarks>
    <jumps>
      <jump line="38" column="16" filename="$USER_HOME$/github/jduan/cosmos/rust_sandbox/leetcode_30_challenges/src/day24.py" />
      <jump line="30" column="8" filename="$USER_HOME$/github/jduan/cosmos/rust_sandbox/leetcode_30_challenges/src/day24.py" />
      <jump line="69" column="79" filename="$USER_HOME$/github/jduan/cosmos/rust_sandbox/leetcode_30_challenges/src/day24.py" />
      <jump line="100" column="12" filename="$USER_HOME$/github/jduan/cosmos/rust_sandbox/leetcode_30_challenges/src/day24.py" />
      <jump line="76" column="8" filename="$USER_HOME$/github/jduan/cosmos/rust_sandbox/leetcode_30_challenges/src/day24.py" />
      <jump line="3" column="0" filename="$USER_HOME$/github/jduan/cosmos/rust_sandbox/leetcode_30_challenges/src/day24.py" />
      <jump line="44" column="4" filename="$USER_HOME$/github/jduan/cosmos/rust_sandbox/leetcode_30_challenges/src/day24.py" />
      <jump line="63" column="18" filename="$USER_HOME$/github/jduan/cosmos/rust_sandbox/leetcode_30_challenges/src/day24.py" />
      <jump line="35" column="32" filename="$USER_HOME$/github/jduan/cosmos/rust_sandbox/leetcode_30_challenges/src/day24.py" />
      <jump line="78" column="17" filename="$USER_HOME$/github/jduan/cosmos/rust_sandbox/leetcode_30_challenges/src/day24.py" />
      <jump line="21" column="13" filename="$USER_HOME$/github/jduan/cosmos/rust_sandbox/leetcode_30_challenges/src/day24.py" />
      <jump line="28" column="27" filename="$USER_HOME$/github/jduan/cosmos/rust_sandbox/leetcode_30_challenges/src/day24.py" />
      <jump line="31" column="24" filename="$USER_HOME$/github/jduan/cosmos/rust_sandbox/leetcode_30_challenges/src/day24.py" />
      <jump line="0" column="0" filename="$USER_HOME$/github/jduan/cosmos/rust_sandbox/leetcode_30_challenges/src/day24.py" />
      <jump line="7" column="21" filename="$USER_HOME$/github/jduan/cosmos/rust_sandbox/leetcode_30_challenges/src/day24.py" />
      <jump line="12" column="30" filename="$USER_HOME$/github/jduan/cosmos/rust_sandbox/leetcode_30_challenges/src/day24.py" />
      <jump line="77" column="37" filename="$USER_HOME$/github/jduan/cosmos/rust_sandbox/leetcode_30_challenges/src/day24.py" />
      <jump line="85" column="12" filename="$USER_HOME$/github/jduan/cosmos/rust_sandbox/leetcode_30_challenges/src/day24.py" />
      <jump line="71" column="16" filename="$USER_HOME$/github/jduan/cosmos/rust_sandbox/leetcode_30_challenges/src/day24.py" />
      <jump line="82" column="8" filename="$USER_HOME$/github/jduan/cosmos/rust_sandbox/leetcode_30_challenges/src/day24.py" />
      <jump line="36" column="36" filename="$USER_HOME$/github/jduan/cosmos/rust_sandbox/leetcode_30_challenges/src/day24.py" />
      <jump line="61" column="16" filename="$USER_HOME$/github/jduan/cosmos/rust_sandbox/leetcode_30_challenges/src/day24.py" />
      <jump line="75" column="16" filename="$USER_HOME$/github/jduan/cosmos/rust_sandbox/leetcode_30_challenges/src/day24.py" />
      <jump line="22" column="8" filename="$USER_HOME$/github/jduan/cosmos/rust_sandbox/leetcode_30_challenges/src/day24.py" />
      <jump line="37" column="20" filename="$USER_HOME$/github/jduan/cosmos/rust_sandbox/leetcode_30_challenges/src/day24.py" />
      <jump line="42" column="20" filename="$USER_HOME$/github/jduan/cosmos/rust_sandbox/leetcode_30_challenges/src/day24.py" />
      <jump line="50" column="20" filename="$USER_HOME$/github/jduan/cosmos/rust_sandbox/leetcode_30_challenges/src/day24.py" />
      <jump line="62" column="16" filename="$USER_HOME$/github/jduan/cosmos/rust_sandbox/leetcode_30_challenges/src/day24.py" />
      <jump line="23" column="8" filename="$USER_HOME$/github/jduan/cosmos/rust_sandbox/leetcode_30_challenges/src/day24.py" />
      <jump line="66" column="12" filename="$USER_HOME$/github/jduan/cosmos/rust_sandbox/leetcode_30_challenges/src/day24.py" />
      <jump line="64" column="16" filename="$USER_HOME$/github/jduan/cosmos/rust_sandbox/leetcode_30_challenges/src/day24.py" />
      <jump line="17" column="0" filename="$USER_HOME$/github/jduan/cosmos/rust_sandbox/leetcode_30_challenges/src/day24.py" />
      <jump line="72" column="0" filename="$USER_HOME$/github/jduan/cosmos/rust_sandbox/leetcode_30_challenges/src/day24.py" />
      <jump line="80" column="8" filename="$USER_HOME$/github/jduan/cosmos/rust_sandbox/leetcode_30_challenges/src/day24.py" />
      <jump line="81" column="8" filename="$USER_HOME$/github/jduan/cosmos/rust_sandbox/leetcode_30_challenges/src/day24.py" />
      <jump line="84" column="12" filename="$USER_HOME$/github/jduan/cosmos/rust_sandbox/leetcode_30_challenges/src/day24.py" />
      <jump line="91" column="14" filename="$USER_HOME$/github/jduan/cosmos/rust_sandbox/leetcode_30_challenges/src/day24.py" />
      <jump line="93" column="14" filename="$USER_HOME$/github/jduan/cosmos/rust_sandbox/leetcode_30_challenges/src/day24.py" />
      <jump line="95" column="14" filename="$USER_HOME$/github/jduan/cosmos/rust_sandbox/leetcode_30_challenges/src/day24.py" />
      <jump line="97" column="14" filename="$USER_HOME$/github/jduan/cosmos/rust_sandbox/leetcode_30_challenges/src/day24.py" />
      <jump line="99" column="14" filename="$USER_HOME$/github/jduan/cosmos/rust_sandbox/leetcode_30_challenges/src/day24.py" />
      <jump line="104" column="14" filename="$USER_HOME$/github/jduan/cosmos/rust_sandbox/leetcode_30_challenges/src/day24.py" />
      <jump line="18" column="14" filename="$USER_HOME$/github/jduan/cosmos/rust_sandbox/leetcode_30_challenges/src/day24.py" />
      <jump line="53" column="22" filename="$USER_HOME$/github/jduan/cosmos/rust_sandbox/leetcode_30_challenges/src/day23.rs" />
      <jump line="13" column="19" filename="$USER_HOME$/github/jduan/cosmos/rust_sandbox/leetcode_30_challenges/src/day25.rs" />
      <jump line="15" column="0" filename="$USER_HOME$/github/jduan/cosmos/rust_sandbox/leetcode_30_challenges/src/day25.rs" />
      <jump line="6" column="0" filename="$USER_HOME$/github/jduan/cosmos/rust_sandbox/leetcode_30_challenges/src/day25.rs" />
      <jump line="12" column="19" filename="$USER_HOME$/github/jduan/cosmos/rust_sandbox/rust_sandbox/src/main.rs" />
      <jump line="8" column="0" filename="$USER_HOME$/github/jduan/cosmos/rust_sandbox/rust_sandbox/src/template.rs" />
      <jump line="19" column="77" filename="$USER_HOME$/github/jduan/cosmos/rust_sandbox/leetcode_30_challenges/src/day25.rs" />
      <jump line="22" column="36" filename="$USER_HOME$/github/jduan/cosmos/rust_sandbox/leetcode_30_challenges/src/day25.rs" />
      <jump line="7" column="29" filename="$USER_HOME$/github/jduan/cosmos/rust_sandbox/leetcode_30_challenges/src/day25.rs" />
      <jump line="36" column="4" filename="$USER_HOME$/github/jduan/cosmos/rust_sandbox/leetcode_30_challenges/src/day25.rs" />
      <jump line="46" column="62" filename="$USER_HOME$/github/jduan/cosmos/rust_sandbox/leetcode_30_challenges/src/day25.rs" />
      <jump line="21" column="0" filename="$USER_HOME$/github/jduan/cosmos/rust_sandbox/leetcode_30_challenges/src/day25.rs" />
      <jump line="18" column="2" filename="$USER_HOME$/github/jduan/cosmos/rust_sandbox/leetcode_30_challenges/src/day25.rs" />
      <jump line="73" column="49" filename="$USER_HOME$/github/jduan/cosmos/rust_sandbox/leetcode_30_challenges/src/day25.rs" />
      <jump line="53" column="43" filename="$USER_HOME$/github/jduan/cosmos/rust_sandbox/leetcode_30_challenges/src/day25.rs" />
      <jump line="28" column="0" filename="$USER_HOME$/github/jduan/cosmos/rust_sandbox/leetcode_30_challenges/src/day25.rs" />
      <jump line="78" column="12" filename="$USER_HOME$/github/jduan/cosmos/rust_sandbox/leetcode_30_challenges/src/day25.rs" />
      <jump line="72" column="20" filename="$USER_HOME$/github/jduan/cosmos/rust_sandbox/leetcode_30_challenges/src/day25.rs" />
      <jump line="1" column="0" filename="$USER_HOME$/github/jduan/cosmos/rust_sandbox/leetcode_30_challenges/src/day25.rs" />
      <jump line="81" column="0" filename="$USER_HOME$/github/jduan/cosmos/rust_sandbox/leetcode_30_challenges/src/day25.rs" />
      <jump line="42" column="20" filename="$USER_HOME$/github/jduan/cosmos/rust_sandbox/leetcode_30_challenges/src/day25.rs" />
      <jump line="32" column="37" filename="$USER_HOME$/github/jduan/cosmos/rust_sandbox/leetcode_30_challenges/src/day25.rs" />
      <jump line="43" column="12" filename="$USER_HOME$/github/jduan/cosmos/rust_sandbox/leetcode_30_challenges/src/day25.rs" />
      <jump line="106" column="0" filename="$USER_HOME$/github/jduan/cosmos/rust_sandbox/leetcode_30_challenges/src/day25.rs" />
      <jump line="52" column="16" filename="$USER_HOME$/github/jduan/cosmos/rust_sandbox/leetcode_30_challenges/src/day25.rs" />
      <jump line="49" column="16" filename="$USER_HOME$/github/jduan/cosmos/rust_sandbox/leetcode_30_challenges/src/day25.rs" />
      <jump line="51" column="27" filename="$USER_HOME$/github/jduan/cosmos/rust_sandbox/leetcode_30_challenges/src/day25.rs" />
      <jump line="102" column="8" filename="$USER_HOME$/github/jduan/cosmos/rust_sandbox/leetcode_30_challenges/src/day25.rs" />
      <jump line="58" column="40" filename="$USER_HOME$/github/jduan/cosmos/rust_sandbox/leetcode_30_challenges/src/day25.rs" />
      <jump line="55" column="12" filename="$USER_HOME$/github/jduan/cosmos/rust_sandbox/leetcode_30_challenges/src/day25.rs" />
      <jump line="64" column="8" filename="$USER_HOME$/github/jduan/cosmos/rust_sandbox/leetcode_30_challenges/src/day25.rs" />
      <jump line="54" column="25" filename="$USER_HOME$/github/jduan/cosmos/rust_sandbox/leetcode_30_challenges/src/day25.rs" />
      <jump line="93" column="0" filename="$USER_HOME$/github/jduan/cosmos/rust_sandbox/leetcode_30_challenges/src/day25.rs" />
      <jump line="29" column="0" filename="$USER_HOME$/github/jduan/cosmos/rust_sandbox/leetcode_30_challenges/src/day25.rs" />
      <jump line="35" column="0" filename="$USER_HOME$/github/jduan/cosmos/rust_sandbox/leetcode_30_challenges/src/day25.rs" />
      <jump line="50" column="36" filename="$USER_HOME$/github/jduan/cosmos/rust_sandbox/leetcode_30_challenges/src/day25.rs" />
      <jump line="109" column="0" filename="$USER_HOME$/github/jduan/cosmos/rust_sandbox/leetcode_30_challenges/src/day25.rs" />
      <jump line="89" column="8" filename="$USER_HOME$/github/jduan/cosmos/rust_sandbox/leetcode_30_challenges/src/day25.rs" />
      <jump line="0" column="0" filename="$USER_HOME$/github/jduan/cosmos/rust_sandbox/leetcode_30_challenges/src/day25.rs" />
      <jump line="7" column="43" filename="$USER_HOME$/github/jduan/cosmos/rust_sandbox/simple_http_server/src/main.rs" />
      <jump line="10" column="0" filename="$USER_HOME$/github/jduan/cosmos/rust_sandbox/simple_http_server/src/main.rs" />
      <jump line="567" column="7" filename="$USER_HOME$/.rustup/toolchains/nightly-x86_64-apple-darwin/lib/rustlib/src/rust/src/libstd/io/mod.rs" />
      <jump line="17" column="12" filename="$USER_HOME$/github/jduan/cosmos/rust_sandbox/simple_http_server/src/main.rs" />
      <jump line="0" column="0" filename="$USER_HOME$/github/jduan/cosmos/rust_sandbox/simple_http_server/src/main.rs" />
      <jump line="20" column="0" filename="$USER_HOME$/github/jduan/cosmos/rust_sandbox/simple_http_server/src/main.rs" />
      <jump line="11" column="0" filename="$USER_HOME$/github/jduan/cosmos/rust_sandbox/simple_http_server/404.html" />
      <jump line="26" column="4" filename="$USER_HOME$/github/jduan/cosmos/rust_sandbox/simple_http_server/src/main.rs" />
      <jump line="22" column="33" filename="$USER_HOME$/github/jduan/cosmos/rust_sandbox/simple_http_server/src/main.rs" />
      <jump line="24" column="40" filename="$USER_HOME$/github/jduan/cosmos/rust_sandbox/simple_http_server/src/main.rs" />
      <jump line="28" column="0" filename="$USER_HOME$/github/jduan/cosmos/rust_sandbox/leetcode_30_challenges/src/day26.rs" />
      <jump line="21" column="0" filename="$USER_HOME$/github/jduan/cosmos/rust_sandbox/leetcode_30_challenges/src/day26.rs" />
      <jump line="37" column="0" filename="$USER_HOME$/github/jduan/cosmos/rust_sandbox/leetcode_30_challenges/src/day26.rs" />
      <jump line="42" column="37" filename="$USER_HOME$/github/jduan/cosmos/rust_sandbox/leetcode_30_challenges/src/day26.rs" />
      <jump line="43" column="8" filename="$USER_HOME$/github/jduan/cosmos/rust_sandbox/leetcode_30_challenges/src/day26.rs" />
      <jump line="44" column="12" filename="$USER_HOME$/github/jduan/cosmos/rust_sandbox/leetcode_30_challenges/src/day26.rs" />
      <jump line="49" column="71" filename="$USER_HOME$/github/jduan/cosmos/rust_sandbox/leetcode_30_challenges/src/day26.rs" />
      <jump line="53" column="52" filename="$USER_HOME$/github/jduan/cosmos/rust_sandbox/leetcode_30_challenges/src/day26.rs" />
    </jumps>
  </component>
  <component name="VimRegisterSettings">
    <registers>
      <register name="&quot;" type="4">
        <text>bigint</text>
      </register>
      <register name="*" type="4">
        <text>ace</text>
      </register>
      <register name="-" type="4">
        <text>ace</text>
      </register>
      <register name="/" type="4">
        <text>ace</text>
      </register>
      <register name="0" type="2">
        <text encoding="base64">ICAgICAgICBhc3NlcnRfZXEhKAogICAgICAgICAgICAzLAogICAgICAgICAgICBTb2x1dGlvbjo6bG9uZ2VzdF9jb21tb25fc3Vic2VxdWVuY2UoImFiY2RlIi50b19zdHJpbmcoKSwgImFjZSIudG9fc3RyaW5nKCkpCiAgICAgICAgKTsK</text>
      </register>
      <register name="1" type="2">
        <text encoding="base64">aW1wbCBTb2x1dGlvbiB7CiAgICBwdWIgZm4gY2FuX2p1bXAoKSAtPiBib29sIHsKICAgICAgICB0cnVlCiAgICB9Cn0KCg==</text>
      </register>
      <register name="2" type="2">
        <text encoding="base64">aW1wbCBTb2x1dGlvbiB7CiAgICBwdWIgZm4gY2FuX2p1bXAoKSAtPiBib29sIHsKICAgICAgICB0cnVlCiAgICB9Cn0K</text>
      </register>
      <register name="3" type="2">
        <text encoding="base64">Ly8KLy8K</text>
      </register>
      <register name="4" type="2">
        <text encoding="base64">Ly8KLy8K</text>
      </register>
      <register name="5" type="2">
        <text encoding="base64">ICAgICAgICBsZXQgY29udGVudHMgPSBzdGQ6OmZzOjpyZWFkX3RvX3N0cmluZygiNDA0Lmh0bWwiKS51bndyYXAoKTsKICAgICAgICBmb3JtYXQhKCJ7fXt9Iiwgc3RhdHVzX2xpbmUsIGNvbnRlbnRzKQo=</text>
      </register>
      <register name="6" type="2">
        <text encoding="base64">ICAgICAgICBsZXQgc3RhdHVzX2xpbmUgPSAiSFRUUC8xLjEgNDAwIE5PVCBGb3VuZFxyXG5cclxuIjsK</text>
      </register>
      <register name="7" type="2">
        <text encoding="base64">Cg==</text>
      </register>
      <register name="8" type="2">
        <text encoding="base64">ICAgICAgICBsZXQgY29udGVudHMgPSBzdGQ6OmZzOjpyZWFkX3RvX3N0cmluZygiaGVsbG8uaHRtbCIpLnVud3JhcCgpOwo=</text>
      </register>
      <register name="9" type="2">
        <text encoding="base64">ICAgICAgICBzdHJlYW0ud3JpdGUocmVzcG9uc2UuYXNfYnl0ZXMoKSkudW53cmFwKCk7CiAgICAgICAgc3RyZWFtLmZsdXNoKCkudW53cmFwKCk7Cg==</text>
      </register>
      <register name=":" type="4">
        <text>nohlsearch</text>
      </register>
    </registers>
  </component>
  <component name="VimSearchSettings">
    <search>
      <last-search>ace</last-search>
      <last-offset />
      <last-pattern>ace</last-pattern>
      <last-replace>postgres</last-replace>
      <last-substitute>mysql</last-substitute>
      <last-dir>1</last-dir>
      <show-last>true</show-last>
    </search>
  </component>
  <component name="VimSettings">
    <state version="6" enabled="true" />
    <notifications>
      <idea-join enabled="true" />
      <idea-put enabled="true" />
    </notifications>
  </component>
</application>