<application>
  <component name="ProjectJdkTable">
    <jdk version="2">
      <name value="rbenv: 2.3.8" />
      <type value="RUBY_SDK" />
      <version value="ver.2.3.8p459 ( revision 65136) p459" />
      <homePath value="$USER_HOME$/.rbenv/versions/2.3.8/bin/ruby" />
      <roots>
        <classPath>
          <root type="composite">
            <root url="file:///usr/local/Cellar/rbenv/1.1.1/rbenv.d/exec/gem-rehash" type="simple" />
            <root url="file://$USER_HOME$/.rbenv/versions/2.3.8/lib/ruby/gems/2.3.0/gems/did_you_mean-1.0.0/lib" type="simple" />
            <root url="file://$USER_HOME$/.rbenv/versions/2.3.8/lib/ruby/site_ruby/2.3.0" type="simple" />
            <root url="file://$USER_HOME$/.rbenv/versions/2.3.8/lib/ruby/site_ruby/2.3.0/x86_64-darwin18" type="simple" />
            <root url="file://$USER_HOME$/.rbenv/versions/2.3.8/lib/ruby/site_ruby" type="simple" />
            <root url="file://$USER_HOME$/.rbenv/versions/2.3.8/lib/ruby/vendor_ruby/2.3.0" type="simple" />
            <root url="file://$USER_HOME$/.rbenv/versions/2.3.8/lib/ruby/vendor_ruby/2.3.0/x86_64-darwin18" type="simple" />
            <root url="file://$USER_HOME$/.rbenv/versions/2.3.8/lib/ruby/vendor_ruby" type="simple" />
            <root url="file://$USER_HOME$/.rbenv/versions/2.3.8/lib/ruby/2.3.0" type="simple" />
            <root url="file://$USER_HOME$/.rbenv/versions/2.3.8/lib/ruby/2.3.0/x86_64-darwin18" type="simple" />
            <root url="file://$APPLICATION_HOME_DIR$/rubystubs23" type="simple" />
          </root>
        </classPath>
        <sourcePath>
          <root type="composite">
            <root url="file:///usr/local/Cellar/rbenv/1.1.1/rbenv.d/exec/gem-rehash" type="simple" />
            <root url="file://$USER_HOME$/.rbenv/versions/2.3.8/lib/ruby/gems/2.3.0/gems/did_you_mean-1.0.0/lib" type="simple" />
            <root url="file://$USER_HOME$/.rbenv/versions/2.3.8/lib/ruby/site_ruby/2.3.0" type="simple" />
            <root url="file://$USER_HOME$/.rbenv/versions/2.3.8/lib/ruby/site_ruby/2.3.0/x86_64-darwin18" type="simple" />
            <root url="file://$USER_HOME$/.rbenv/versions/2.3.8/lib/ruby/site_ruby" type="simple" />
            <root url="file://$USER_HOME$/.rbenv/versions/2.3.8/lib/ruby/vendor_ruby/2.3.0" type="simple" />
            <root url="file://$USER_HOME$/.rbenv/versions/2.3.8/lib/ruby/vendor_ruby/2.3.0/x86_64-darwin18" type="simple" />
            <root url="file://$USER_HOME$/.rbenv/versions/2.3.8/lib/ruby/vendor_ruby" type="simple" />
            <root url="file://$USER_HOME$/.rbenv/versions/2.3.8/lib/ruby/2.3.0" type="simple" />
            <root url="file://$USER_HOME$/.rbenv/versions/2.3.8/lib/ruby/2.3.0/x86_64-darwin18" type="simple" />
            <root url="file://$APPLICATION_HOME_DIR$/rubystubs23" type="simple" />
          </root>
        </sourcePath>
      </roots>
      <additional NORMALIZED_VERSION_STRING="ver.2.3.8p459 ( revision 65136) p459" GEMS_BIN_DIR_PATH="$USER_HOME$/.rbenv/versions/2.3.8/bin">
        <VERSION_MANAGER ID="rbenv">
          <option name="gemset-name" />
          <distribution-id>2.3.8</distribution-id>
          <version-manager-path>/usr/local/bin/rbenv</version-manager-path>
        </VERSION_MANAGER>
      </additional>
    </jdk>
  </component>
</application>