<keymap version="1" name="Mac OS X 10.5+ copy" parent="Mac OS X 10.5+">
  <action id="EditorToggleCase" />
  <action id="EditorUp">
    <keyboard-shortcut first-keystroke="up" />
  </action>
  <action id="FindUsages">
    <keyboard-shortcut first-keystroke="shift meta u" />
  </action>
  <action id="GotoFile">
    <keyboard-shortcut first-keystroke="shift meta o" />
    <keyboard-shortcut first-keystroke="ctrl p" />
  </action>
  <action id="ShelveChanges.UnshelveWithDialog" />
  <action id="Table-selectPreviousRow">
    <keyboard-shortcut first-keystroke="up" />
  </action>
</keymap>