<code_scheme name="AirStyle" version="173">
  <option name="LINE_SEPARATOR" value="&#10;" />
  <option name="RIGHT_MARGIN" value="100" />
  <JavaCodeStyleSettings>
    <option name="CLASS_COUNT_TO_USE_IMPORT_ON_DEMAND" value="999" />
    <option name="NAMES_COUNT_TO_USE_IMPORT_ON_DEMAND" value="999" />
    <option name="IMPORT_LAYOUT_TABLE">
      <value>
        <package name="" withSubpackages="true" static="true" />
        <emptyLine />
        <package name="" withSubpackages="true" static="false" />
      </value>
    </option>
  </JavaCodeStyleSettings>
  <JetCodeStyleSettings>
    <option name="PACKAGES_TO_USE_STAR_IMPORTS">
      <value />
    </option>
    <option name="NAME_COUNT_TO_USE_STAR_IMPORT" value="99" />
    <option name="NAME_COUNT_TO_USE_STAR_IMPORT_FOR_MEMBERS" value="99" />
  </JetCodeStyleSettings>
  <ScalaCodeStyleSettings>
    <option name="classCountToUseImportOnDemand" value="99" />
    <option name="importLayout">
      <array>
        <option value="java" />
        <option value="javax" />
        <option value="_______ blank line _______" />
        <option value="scala" />
        <option value="_______ blank line _______" />
        <option value="all other imports" />
        <option value="_______ blank line _______" />
        <option value="com.airbnb" />
      </array>
    </option>
    <option name="WRAP_BEFORE_WITH_KEYWORD" value="true" />
    <option name="METHOD_BRACE_FORCE" value="1" />
    <option name="FINALLY_BRACE_FORCE" value="3" />
    <option name="TRY_BRACE_FORCE" value="3" />
    <option name="CASE_CLAUSE_BRACE_FORCE" value="1" />
    <option name="ALIGN_TUPLE_ELEMENTS" value="true" />
    <option name="USE_ALTERNATE_CONTINUATION_INDENT_FOR_PARAMS" value="true" />
    <option name="INDENT_BRACED_FUNCTION_ARGS" value="false" />
  </ScalaCodeStyleSettings>
  <editorconfig>
    <option name="ENABLED" value="false" />
  </editorconfig>
  <ADDITIONAL_INDENT_OPTIONS fileType="haml">
    <option name="INDENT_SIZE" value="2" />
  </ADDITIONAL_INDENT_OPTIONS>
  <ADDITIONAL_INDENT_OPTIONS fileType="java">
    <option name="INDENT_SIZE" value="2" />
    <option name="CONTINUATION_INDENT_SIZE" value="4" />
    <option name="TAB_SIZE" value="8" />
  </ADDITIONAL_INDENT_OPTIONS>
  <ADDITIONAL_INDENT_OPTIONS fileType="js">
    <option name="CONTINUATION_INDENT_SIZE" value="4" />
  </ADDITIONAL_INDENT_OPTIONS>
  <ADDITIONAL_INDENT_OPTIONS fileType="sass">
    <option name="INDENT_SIZE" value="2" />
  </ADDITIONAL_INDENT_OPTIONS>
  <ADDITIONAL_INDENT_OPTIONS fileType="yml">
    <option name="INDENT_SIZE" value="2" />
  </ADDITIONAL_INDENT_OPTIONS>
  <codeStyleSettings language="ECMA Script Level 4">
    <option name="KEEP_CONTROL_STATEMENT_IN_ONE_LINE" value="false" />
    <option name="KEEP_BLANK_LINES_IN_CODE" value="1" />
    <option name="BLANK_LINES_AFTER_CLASS_HEADER" value="1" />
    <option name="ALIGN_MULTILINE_PARAMETERS_IN_CALLS" value="true" />
    <option name="ALIGN_MULTILINE_BINARY_OPERATION" value="true" />
    <option name="ALIGN_MULTILINE_ASSIGNMENT" value="true" />
    <option name="ALIGN_MULTILINE_TERNARY_OPERATION" value="true" />
    <option name="ALIGN_MULTILINE_THROWS_LIST" value="true" />
    <option name="ALIGN_MULTILINE_EXTENDS_LIST" value="true" />
    <option name="ALIGN_MULTILINE_PARENTHESIZED_EXPRESSION" value="true" />
    <option name="ALIGN_MULTILINE_ARRAY_INITIALIZER_EXPRESSION" value="true" />
    <option name="CALL_PARAMETERS_WRAP" value="1" />
    <option name="METHOD_PARAMETERS_WRAP" value="1" />
    <option name="EXTENDS_LIST_WRAP" value="1" />
    <option name="THROWS_LIST_WRAP" value="1" />
    <option name="EXTENDS_KEYWORD_WRAP" value="1" />
    <option name="THROWS_KEYWORD_WRAP" value="1" />
    <option name="METHOD_CALL_CHAIN_WRAP" value="1" />
    <option name="BINARY_OPERATION_WRAP" value="1" />
    <option name="BINARY_OPERATION_SIGN_ON_NEXT_LINE" value="true" />
    <option name="TERNARY_OPERATION_WRAP" value="1" />
    <option name="TERNARY_OPERATION_SIGNS_ON_NEXT_LINE" value="true" />
    <option name="FOR_STATEMENT_WRAP" value="1" />
    <option name="ARRAY_INITIALIZER_WRAP" value="1" />
    <option name="ASSIGNMENT_WRAP" value="5" />
    <option name="WRAP_COMMENTS" value="true" />
    <option name="IF_BRACE_FORCE" value="3" />
    <option name="DOWHILE_BRACE_FORCE" value="3" />
    <option name="WHILE_BRACE_FORCE" value="3" />
    <option name="FOR_BRACE_FORCE" value="3" />
    <option name="PARENT_SETTINGS_INSTALLED" value="true" />
  </codeStyleSettings>
  <codeStyleSettings language="JAVA">
    <option name="WRAP_COMMENTS" value="true" />
    <indentOptions>
      <option name="INDENT_SIZE" value="2" />
      <option name="CONTINUATION_INDENT_SIZE" value="4" />
      <option name="TAB_SIZE" value="8" />
    </indentOptions>
  </codeStyleSettings>
  <codeStyleSettings language="JavaScript">
    <option name="KEEP_CONTROL_STATEMENT_IN_ONE_LINE" value="false" />
    <option name="KEEP_BLANK_LINES_IN_CODE" value="1" />
    <option name="BLANK_LINES_AFTER_CLASS_HEADER" value="1" />
    <option name="ALIGN_MULTILINE_PARAMETERS_IN_CALLS" value="true" />
    <option name="ALIGN_MULTILINE_BINARY_OPERATION" value="true" />
    <option name="ALIGN_MULTILINE_ASSIGNMENT" value="true" />
    <option name="ALIGN_MULTILINE_TERNARY_OPERATION" value="true" />
    <option name="ALIGN_MULTILINE_THROWS_LIST" value="true" />
    <option name="ALIGN_MULTILINE_EXTENDS_LIST" value="true" />
    <option name="ALIGN_MULTILINE_PARENTHESIZED_EXPRESSION" value="true" />
    <option name="ALIGN_MULTILINE_ARRAY_INITIALIZER_EXPRESSION" value="true" />
    <option name="CALL_PARAMETERS_WRAP" value="1" />
    <option name="METHOD_PARAMETERS_WRAP" value="1" />
    <option name="EXTENDS_LIST_WRAP" value="1" />
    <option name="THROWS_LIST_WRAP" value="1" />
    <option name="EXTENDS_KEYWORD_WRAP" value="1" />
    <option name="THROWS_KEYWORD_WRAP" value="1" />
    <option name="METHOD_CALL_CHAIN_WRAP" value="1" />
    <option name="BINARY_OPERATION_WRAP" value="1" />
    <option name="BINARY_OPERATION_SIGN_ON_NEXT_LINE" value="true" />
    <option name="TERNARY_OPERATION_WRAP" value="1" />
    <option name="TERNARY_OPERATION_SIGNS_ON_NEXT_LINE" value="true" />
    <option name="FOR_STATEMENT_WRAP" value="1" />
    <option name="ARRAY_INITIALIZER_WRAP" value="1" />
    <option name="ASSIGNMENT_WRAP" value="5" />
    <option name="WRAP_COMMENTS" value="true" />
    <option name="IF_BRACE_FORCE" value="3" />
    <option name="DOWHILE_BRACE_FORCE" value="3" />
    <option name="WHILE_BRACE_FORCE" value="3" />
    <option name="FOR_BRACE_FORCE" value="3" />
    <option name="PARENT_SETTINGS_INSTALLED" value="true" />
  </codeStyleSettings>
  <codeStyleSettings language="PHP">
    <option name="KEEP_CONTROL_STATEMENT_IN_ONE_LINE" value="false" />
    <option name="KEEP_BLANK_LINES_IN_CODE" value="1" />
    <option name="BLANK_LINES_AFTER_CLASS_HEADER" value="1" />
    <option name="ALIGN_MULTILINE_ASSIGNMENT" value="true" />
    <option name="ALIGN_MULTILINE_TERNARY_OPERATION" value="true" />
    <option name="ALIGN_MULTILINE_THROWS_LIST" value="true" />
    <option name="ALIGN_MULTILINE_EXTENDS_LIST" value="true" />
    <option name="ALIGN_MULTILINE_PARENTHESIZED_EXPRESSION" value="true" />
    <option name="CALL_PARAMETERS_WRAP" value="1" />
    <option name="METHOD_PARAMETERS_WRAP" value="1" />
    <option name="EXTENDS_LIST_WRAP" value="1" />
    <option name="THROWS_LIST_WRAP" value="1" />
    <option name="EXTENDS_KEYWORD_WRAP" value="1" />
    <option name="THROWS_KEYWORD_WRAP" value="1" />
    <option name="METHOD_CALL_CHAIN_WRAP" value="1" />
    <option name="BINARY_OPERATION_WRAP" value="1" />
    <option name="BINARY_OPERATION_SIGN_ON_NEXT_LINE" value="true" />
    <option name="TERNARY_OPERATION_WRAP" value="1" />
    <option name="TERNARY_OPERATION_SIGNS_ON_NEXT_LINE" value="true" />
    <option name="FOR_STATEMENT_WRAP" value="1" />
    <option name="ARRAY_INITIALIZER_WRAP" value="1" />
    <option name="ASSIGNMENT_WRAP" value="5" />
    <option name="WRAP_COMMENTS" value="true" />
    <option name="IF_BRACE_FORCE" value="3" />
    <option name="DOWHILE_BRACE_FORCE" value="3" />
    <option name="WHILE_BRACE_FORCE" value="3" />
    <option name="FOR_BRACE_FORCE" value="3" />
    <option name="PARENT_SETTINGS_INSTALLED" value="true" />
  </codeStyleSettings>
  <codeStyleSettings language="Scala">
    <option name="KEEP_BLANK_LINES_IN_DECLARATIONS" value="1" />
    <option name="KEEP_BLANK_LINES_BEFORE_RBRACE" value="0" />
    <option name="BLANK_LINES_AFTER_IMPORTS" value="2" />
    <option name="BLANK_LINES_AFTER_CLASS_HEADER" value="1" />
    <option name="WHILE_ON_NEW_LINE" value="true" />
    <option name="ALIGN_MULTILINE_PARAMETERS" value="false" />
    <option name="METHOD_PARAMETERS_LPAREN_ON_NEXT_LINE" value="true" />
    <option name="METHOD_PARAMETERS_RPAREN_ON_NEXT_LINE" value="true" />
    <option name="EXTENDS_LIST_WRAP" value="1" />
    <option name="PARENTHESES_EXPRESSION_LPAREN_WRAP" value="true" />
    <option name="PARENTHESES_EXPRESSION_RPAREN_WRAP" value="true" />
    <option name="FOR_STATEMENT_WRAP" value="1" />
    <option name="IF_BRACE_FORCE" value="1" />
    <option name="DOWHILE_BRACE_FORCE" value="3" />
    <option name="WHILE_BRACE_FORCE" value="3" />
    <option name="FOR_BRACE_FORCE" value="3" />
    <option name="WRAP_LONG_LINES" value="true" />
  </codeStyleSettings>
  <codeStyleSettings language="kotlin">
    <indentOptions>
      <option name="CONTINUATION_INDENT_SIZE" value="4" />
    </indentOptions>
  </codeStyleSettings>
</code_scheme>