<code_scheme name="Default" version="173">
  <option name="AUTODETECT_INDENTS" value="false" />
  <option name="RIGHT_MARGIN" value="100" />
  <option name="WRAP_WHEN_TYPING_REACHES_RIGHT_MARGIN" value="true" />
  <JavaCodeStyleSettings>
    <option name="CLASS_COUNT_TO_USE_IMPORT_ON_DEMAND" value="100" />
    <option name="NAMES_COUNT_TO_USE_IMPORT_ON_DEMAND" value="100" />
  </JavaCodeStyleSettings>
  <JetCodeStyleSettings>
    <option name="NAME_COUNT_TO_USE_STAR_IMPORT" value="99" />
    <option name="NAME_COUNT_TO_USE_STAR_IMPORT_FOR_MEMBERS" value="99" />
  </JetCodeStyleSettings>
  <editorconfig>
    <option name="ENABLED" value="false" />
  </editorconfig>
  <codeStyleSettings language="Groovy">
    <option name="RIGHT_MARGIN" value="100" />
    <option name="WRAP_ON_TYPING" value="1" />
  </codeStyleSettings>
  <codeStyleSettings language="JAVA">
    <indentOptions>
      <option name="TAB_SIZE" value="2" />
    </indentOptions>
  </codeStyleSettings>
  <codeStyleSettings language="kotlin">
    <indentOptions>
      <option name="CONTINUATION_INDENT_SIZE" value="4" />
    </indentOptions>
  </codeStyleSettings>
</code_scheme>